--topic

INSERT INTO opcapp_topic (id, "concepts") VALUES 
(1, 'familia, compartir, casa, dios, bien, comunidad, amigos, vivir, disfrutar, barrio, empezar, personas, solo, salir, mejor, miedo, ciudad, salud, cuidar, librar'), 
(2, 'tranquilidad, naturaleza, sentir, representar, problemas, musica, generar, solidaridad, animales, conflicto, personal, conciencia, territorio, nuevo, aire, campo, personas, silencio, agua, encontrar'), 
(3, 'respeto, vida, no_violencia, personas, tolerancia, interior, no_guerra, entender, existir, mejor, seguridad, creer, querer, persona, demas_personas, siempre, significar, vivir, sociedad, saber'),
(4, 'amor, armonia, vivir, mundo, respeto, bueno, union, construir, felicidad, personas, corazon, perdonar, amar, hogar, comprender, conflictos, sana_convivencia, lograr, padres, comprension'),
(5, 'respeto, tranquilo, convivencia, libertad, social, educacion, igualdad, pensar, entorno, vivir, comunidad, diferencias, valores, sociedad, oportunidades, importar, convivir, construir, oportunidad, contar');

--gender

INSERT INTO opcapp_gender (id, "typeGender") VALUES (1, 'Femenino'), (2, 'Masculino'), (3, 'Intersexual');


--zone

INSERT INTO opcapp_zone (id, "zoneType") VALUES (1, 'Rural'), (2, 'Urbana');


--rolecampaign
INSERT INTO opcapp_rolecampaign (id, "name") VALUES (1, 'Invitado'),(2, 'Proyectista');


--roleuser
INSERT INTO opcapp_roleuser (id, "name") VALUES (1, 'Registrado');

-- nivel educativo mas alto alcanzado
INSERT INTO opcapp_higherleveleducation (id, name) VALUES (1, 'Primaria'), (2, 'Secundaria'), (3, 'Tecnología'), (4, 'Universitaria'), (5, 'Postgrado'),(6, 'Ninguna');

--nivel alcanzado
INSERT INTO opcapp_achievedlevel (id, name, "higherLevelEducation_id" ) VALUES (1,'1',1), (2,'2',1), (3,'3',1), (4,'4',1), (5,'5',1), (6,'6',2), (7,'7',2), (8,'8',2), (9,'9',2), (10,'10',2), (11,'11',2), (12,'12',2), (13,'En curso',3), (14,'Finalizado',3), (15,'En curso',4), (16,'Finalizado',4), (17,'En curso',5), (18,'Finalizado',5), (19,'No Aplica',6);


--country

 INSERT INTO opcapp_country(id, name)
VALUES
 (1, 'COLOMBIA');

 
--states

INSERT INTO opcapp_state(id, name, country_id)
VALUES
	(5,'ANTIOQUIA',1),
	(8,'ATLÁNTICO',1),
	(11,'BOGOTÁ, D.C.',1),
	(13,'BOLÍVAR',1),
	(15,'BOYACÁ',1),
	(17,'CALDAS',1),
	(18,'CAQUETÁ',1),
	(19,'CAUCA',1),
	(20,'CESAR',1),
	(23,'CÓRDOBA',1),
	(25,'CUNDINAMARCA',1),
	(27,'CHOCÓ',1),
	(41,'HUILA',1),
	(44,'LA GUAJIRA',1),
	(47,'MAGDALENA',1),
	(50,'META',1),
	(52,'NARIÑO',1),
	(54,'NORTE DE SANTANDER',1),
	(63,'QUINDIO',1),
	(66,'RISARALDA',1),
	(68,'SANTANDER',1),
	(70,'SUCRE',1),
	(73,'TOLIMA',1),
	(76,'VALLE DEL CAUCA',1),
	(81,'ARAUCA',1),
	(85,'CASANARE',1),
	(86,'PUTUMAYO',1),
	(88,'ARCHIPIÉLAGO DE SAN ANDRÉS, PROVIDENCIA Y SANTA CATALINA',1),
	(91,'AMAZONAS',1),
	(94,'GUAINÍA',1),
	(95,'GUAVIARE',1),
	(97,'VAUPÉS',1),
	(99,'VICHADA',1);
	

	
--municipios




INSERT INTO opcapp_city(id, name, state_id)
VALUES
	(1,'Abriaquí',5),
	(2,'Acacías',50),
	(3,'Acandí',27),
	(4,'Acevedo',41),
	(5,'Achí',13),
	(6,'Agrado',41),
	(7,'Agua de Dios',25),
	(8,'Aguachica',20),
	(9,'Aguada',68),
	(10,'Aguadas',17),
	(11,'Aguazul',85),
	(12,'Agustín Codazzi',20),
	(13,'Aipe',41),
	(14,'Albania',18),
	(15,'Albania',44),
	(16,'Albania',68),
	(17,'Albán',25),
	(18,'Albán (San José)',52),
	(19,'Alcalá',76),
	(20,'Alejandria',5),
	(21,'Algarrobo',47),
	(22,'Algeciras',41),
	(23,'Almaguer',19),
	(24,'Almeida',15),
	(25,'Alpujarra',73),
	(26,'Altamira',41),
	(27,'Alto Baudó (Pie de Pato)',27),
	(28,'Altos del Rosario',13),
	(29,'Alvarado',73),
	(30,'Amagá',5),
	(31,'Amalfi',5),
	(32,'Ambalema',73),
	(33,'Anapoima',25),
	(34,'Ancuya',52),
	(35,'Andalucía',76),
	(36,'Andes',5),
	(37,'Angelópolis',5),
	(38,'Angostura',5),
	(39,'Anolaima',25),
	(40,'Anorí',5),
	(41,'Anserma',17),
	(42,'Ansermanuevo',76),
	(43,'Anzoátegui',73),
	(44,'Anzá',5),
	(45,'Apartadó',5),
	(46,'Apulo',25),
	(47,'Apía',66),
	(48,'Aquitania',15),
	(49,'Aracataca',47),
	(50,'Aranzazu',17),
	(51,'Aratoca',68),
	(52,'Arauca',81),
	(53,'Arauquita',81),
	(54,'Arbeláez',25),
	(55,'Arboleda (Berruecos)',52),
	(56,'Arboledas',54),
	(57,'Arboletes',5),
	(58,'Arcabuco',15),
	(59,'Arenal',13),
	(60,'Argelia',5),
	(61,'Argelia',19),
	(62,'Argelia',76),
	(63,'Ariguaní (El Difícil)',47),
	(64,'Arjona',13),
	(65,'Armenia',5),
	(66,'Armenia',63),
	(67,'Armero (Guayabal)',73),
	(68,'Arroyohondo',13),
	(69,'Astrea',20),
	(70,'Ataco',73),
	(71,'Atrato (Yuto)',27),
	(72,'Ayapel',23),
	(73,'Bagadó',27),
	(74,'Bahía Solano (Mútis)',27),
	(75,'Bajo Baudó (Pizarro)',27),
	(76,'Balboa',19),
	(77,'Balboa',66),
	(78,'Baranoa',8),
	(79,'Baraya',41),
	(80,'Barbacoas',52),
	(81,'Barbosa',5),
	(82,'Barbosa',68),
	(83,'Barichara',68),
	(84,'Barranca de Upía',50),
	(85,'Barrancabermeja',68),
	(86,'Barrancas',44),
	(87,'Barranco de Loba',13),
	(88,'Barranquilla',8),
	(89,'Becerríl',20),
	(90,'Belalcázar',17),
	(91,'Bello',5),
	(92,'Belmira',5),
	(93,'Beltrán',25),
	(94,'Belén',15),
	(95,'Belén',52),
	(96,'Belén de Bajirá',27),
	(97,'Belén de Umbría',66),
	(98,'Belén de los Andaquíes',18),
	(99,'Berbeo',15),
	(100,'Betania',5),
	(101,'Beteitiva',15),
	(102,'Betulia',5),
	(103,'Betulia',68),
	(104,'Bituima',25),
	(105,'Boavita',15),
	(106,'Bochalema',54),
	(107,'Bogotá D.C.',11),
	(108,'Bojacá',25),
	(109,'Bojayá (Bellavista)',27),
	(110,'Bolívar',5),
	(111,'Bolívar',19),
	(112,'Bolívar',68),
	(113,'Bolívar',76),
	(114,'Bosconia',20),
	(115,'Boyacá',15),
	(116,'Briceño',5),
	(117,'Briceño',15),
	(118,'Bucaramanga',68),
	(119,'Bucarasica',54),
	(120,'Buenaventura',76),
	(121,'Buenavista',15),
	(122,'Buenavista',23),
	(123,'Buenavista',63),
	(124,'Buenavista',70),
	(125,'Buenos Aires',19),
	(126,'Buesaco',52),
	(127,'Buga',76),
	(128,'Bugalagrande',76),
	(129,'Burítica',5),
	(130,'Busbanza',15),
	(131,'Cabrera',25),
	(132,'Cabrera',68),
	(133,'Cabuyaro',50),
	(134,'Cachipay',25),
	(135,'Caicedo',5),
	(136,'Caicedonia',76),
	(137,'Caimito',70),
	(138,'Cajamarca',73),
	(139,'Cajibío',19),
	(140,'Cajicá',25),
	(141,'Calamar',13),
	(142,'Calamar',95),
	(143,'Calarcá',63),
	(144,'Caldas',5),
	(145,'Caldas',15),
	(146,'Caldono',19),
	(147,'California',68),
	(148,'Calima (Darién)',76),
	(149,'Caloto',19),
	(150,'Cali',76),
	(151,'Campamento',5),
	(152,'Campo de la Cruz',8),
	(153,'Campoalegre',41),
	(154,'Campohermoso',15),
	(155,'Canalete',23),
	(156,'Candelaria',8),
	(157,'Candelaria',76),
	(158,'Cantagallo',13),
	(159,'Cantón de San Pablo',27),
	(160,'Caparrapí',25),
	(161,'Capitanejo',68),
	(162,'Caracolí',5),
	(163,'Caramanta',5),
	(164,'Carcasí',68),
	(165,'Carepa',5),
	(166,'Carmen de Apicalá',73),
	(167,'Carmen de Carupa',25),
	(168,'Carmen de Viboral',5),
	(169,'Carmen del Darién (CURBARADÓ)',27),
	(170,'Carolina',5),
	(171,'Cartagena',13),
	(172,'Cartagena del Chairá',18),
	(173,'Cartago',76),
	(174,'Carurú',97),
	(175,'Casabianca',73),
	(176,'Castilla la Nueva',50),
	(177,'Caucasia',5),
	(178,'Cañasgordas',5),
	(179,'Cepita',68),
	(180,'Cereté',23),
	(181,'Cerinza',15),
	(182,'Cerrito',68),
	(183,'Cerro San Antonio',47),
	(184,'Chachaguí',52),
	(185,'Chaguaní',25),
	(186,'Chalán',70),
	(187,'Chaparral',73),
	(188,'Charalá',68),
	(189,'Charta',68),
	(190,'Chigorodó',5),
	(191,'Chima',68),
	(192,'Chimichagua',20),
	(193,'Chimá',23),
	(194,'Chinavita',15),
	(195,'Chinchiná',17),
	(196,'Chinácota',54),
	(197,'Chinú',23),
	(198,'Chipaque',25),
	(199,'Chipatá',68),
	(200,'Chiquinquirá',15),
	(201,'Chiriguaná',20),
	(202,'Chiscas',15),
	(203,'Chita',15),
	(204,'Chitagá',54),
	(205,'Chitaraque',15),
	(206,'Chivatá',15),
	(207,'Chivolo',47),
	(208,'Choachí',25),
	(209,'Chocontá',25),
	(210,'Chámeza',85),
	(211,'Chía',25),
	(212,'Chíquiza',15),
	(213,'Chívor',15),
	(214,'Cicuco',13),
	(215,'Cimitarra',68),
	(216,'Circasia',63),
	(217,'Cisneros',5),
	(218,'Ciénaga',15),
	(219,'Ciénaga',47),
	(220,'Ciénaga de Oro',23),
	(221,'Clemencia',13),
	(222,'Cocorná',5),
	(223,'Coello',73),
	(224,'Cogua',25),
	(225,'Colombia',41),
	(226,'Colosó (Ricaurte)',70),
	(227,'Colón',86),
	(228,'Colón (Génova)',52),
	(229,'Concepción',5),
	(230,'Concepción',68),
	(231,'Concordia',5),
	(232,'Concordia',47),
	(233,'Condoto',27),
	(234,'Confines',68),
	(235,'Consaca',52),
	(236,'Contadero',52),
	(237,'Contratación',68),
	(238,'Convención',54),
	(239,'Copacabana',5),
	(240,'Coper',15),
	(241,'Cordobá',63),
	(242,'Corinto',19),
	(243,'Coromoro',68),
	(244,'Corozal',70),
	(245,'Corrales',15),
	(246,'Cota',25),
	(247,'Cotorra',23),
	(248,'Covarachía',15),
	(249,'Coveñas',70),
	(250,'Coyaima',73),
	(251,'Cravo Norte',81),
	(252,'Cuaspud (Carlosama)',52),
	(253,'Cubarral',50),
	(254,'Cubará',15),
	(255,'Cucaita',15),
	(256,'Cucunubá',25),
	(257,'Cucutilla',54),
	(258,'Cuitiva',15),
	(259,'Cumaral',50),
	(260,'Cumaribo',99),
	(261,'Cumbal',52),
	(262,'Cumbitara',52),
	(263,'Cunday',73),
	(264,'Curillo',18),
	(265,'Curití',68),
	(266,'Curumaní',20),
	(267,'Cáceres',5),
	(268,'Cáchira',54),
	(269,'Cácota',54),
	(270,'Cáqueza',25),
	(271,'Cértegui',27),
	(272,'Cómbita',15),
	(273,'Córdoba',13),
	(274,'Córdoba',52),
	(275,'Cúcuta',54),
	(276,'Dabeiba',5),
	(277,'Dagua',76),
	(278,'Dibulla',44),
	(279,'Distracción',44),
	(280,'Dolores',73),
	(281,'Don Matías',5),
	(282,'Dos Quebradas',66),
	(283,'Duitama',15),
	(284,'Durania',54),
	(285,'Ebéjico',5),
	(286,'El Bagre',5),
	(287,'El Banco',47),
	(288,'El Cairo',76),
	(289,'El Calvario',50),
	(290,'El Carmen',54),
	(291,'El Carmen',68),
	(292,'El Carmen de Atrato',27),
	(293,'El Carmen de Bolívar',13),
	(294,'El Castillo',50),
	(295,'El Cerrito',76),
	(296,'El Charco',52),
	(297,'El Cocuy',15),
	(298,'El Colegio',25),
	(299,'El Copey',20),
	(300,'El Doncello',18),
	(301,'El Dorado',50),
	(302,'El Dovio',76),
	(303,'El Espino',15),
	(304,'El Guacamayo',68),
	(305,'El Guamo',13),
	(306,'El Molino',44),
	(307,'El Paso',20),
	(308,'El Paujil',18),
	(309,'El Peñol',52),
	(310,'El Peñon',13),
	(311,'El Peñon',68),
	(312,'El Peñón',25),
	(313,'El Piñon',47),
	(314,'El Playón',68),
	(315,'El Retorno',95),
	(316,'El Retén',47),
	(317,'El Roble',70),
	(318,'El Rosal',25),
	(319,'El Rosario',52),
	(320,'El Tablón de Gómez',52),
	(321,'El Tambo',19),
	(322,'El Tambo',52),
	(323,'El Tarra',54),
	(324,'El Zulia',54),
	(325,'El Águila',76),
	(326,'Elías',41),
	(327,'Encino',68),
	(328,'Enciso',68),
	(329,'Entrerríos',5),
	(330,'Envigado',5),
	(331,'Espinal',73),
	(332,'Facatativá',25),
	(333,'Falan',73),
	(334,'Filadelfia',17),
	(335,'Filandia',63),
	(336,'Firavitoba',15),
	(337,'Flandes',73),
	(338,'Florencia',18),
	(339,'Florencia',19),
	(340,'Floresta',15),
	(341,'Florida',76),
	(342,'Floridablanca',68),
	(343,'Florián',68),
	(344,'Fonseca',44),
	(345,'Fortúl',81),
	(346,'Fosca',25),
	(347,'Francisco Pizarro',52),
	(348,'Fredonia',5),
	(349,'Fresno',73),
	(350,'Frontino',5),
	(351,'Fuente de Oro',50),
	(352,'Fundación',47),
	(353,'Funes',52),
	(354,'Funza',25),
	(355,'Fusagasugá',25),
	(356,'Fómeque',25),
	(357,'Fúquene',25),
	(358,'Gachalá',25),
	(359,'Gachancipá',25),
	(360,'Gachantivá',15),
	(361,'Gachetá',25),
	(362,'Galapa',8),
	(363,'Galeras (Nueva Granada)',70),
	(364,'Galán',68),
	(365,'Gama',25),
	(366,'Gamarra',20),
	(367,'Garagoa',15),
	(368,'Garzón',41),
	(369,'Gigante',41),
	(370,'Ginebra',76),
	(371,'Giraldo',5),
	(372,'Girardot',25),
	(373,'Girardota',5),
	(374,'Girón',68),
	(375,'Gonzalez',20),
	(376,'Gramalote',54),
	(377,'Granada',5),
	(378,'Granada',25),
	(379,'Granada',50),
	(380,'Guaca',68),
	(381,'Guacamayas',15),
	(382,'Guacarí',76),
	(383,'Guachavés',52),
	(384,'Guachené',19),
	(385,'Guachetá',25),
	(386,'Guachucal',52),
	(387,'Guadalupe',5),
	(388,'Guadalupe',41),
	(389,'Guadalupe',68),
	(390,'Guaduas',25),
	(391,'Guaitarilla',52),
	(392,'Gualmatán',52),
	(393,'Guamal',47),
	(394,'Guamal',50),
	(395,'Guamo',73),
	(396,'Guapota',68),
	(397,'Guapí',19),
	(398,'Guaranda',70),
	(399,'Guarne',5),
	(400,'Guasca',25),
	(401,'Guatapé',5),
	(402,'Guataquí',25),
	(403,'Guatavita',25),
	(404,'Guateque',15),
	(405,'Guavatá',68),
	(406,'Guayabal de Siquima',25),
	(407,'Guayabetal',25),
	(408,'Guayatá',15),
	(409,'Guepsa',68),
	(410,'Guicán',15),
	(411,'Gutiérrez',25),
	(412,'Guática',66),
	(413,'Gámbita',68),
	(414,'Gámeza',15),
	(415,'Génova',63),
	(416,'Gómez Plata',5),
	(417,'Hacarí',54),
	(418,'Hatillo de Loba',13),
	(419,'Hato',68),
	(420,'Hato Corozal',85),
	(421,'Hatonuevo',44),
	(422,'Heliconia',5),
	(423,'Herrán',54),
	(424,'Herveo',73),
	(425,'Hispania',5),
	(426,'Hobo',41),
	(427,'Honda',73),
	(428,'Ibagué',73),
	(429,'Icononzo',73),
	(430,'Iles',52),
	(431,'Imúes',52),
	(432,'Inzá',19),
	(433,'Inírida',94),
	(434,'Ipiales',52),
	(435,'Isnos',41),
	(436,'Istmina',27),
	(437,'Itagüí',5),
	(438,'Ituango',5),
	(439,'Izá',15),
	(440,'Jambaló',19),
	(441,'Jamundí',76),
	(442,'Jardín',5),
	(443,'Jenesano',15),
	(444,'Jericó',5),
	(445,'Jericó',15),
	(446,'Jerusalén',25),
	(447,'Jesús María',68),
	(448,'Jordán',68),
	(449,'Juan de Acosta',8),
	(450,'Junín',25),
	(451,'Juradó',27),
	(452,'La Apartada y La Frontera',23),
	(453,'La Argentina',41),
	(454,'La Belleza',68),
	(455,'La Calera',25),
	(456,'La Capilla',15),
	(457,'La Ceja',5),
	(458,'La Celia',66),
	(459,'La Cruz',52),
	(460,'La Cumbre',76),
	(461,'La Dorada',17),
	(462,'La Esperanza',54),
	(463,'La Estrella',5),
	(464,'La Florida',52),
	(465,'La Gloria',20),
	(466,'La Jagua de Ibirico',20),
	(467,'La Jagua del Pilar',44),
	(468,'La Llanada',52),
	(469,'La Macarena',50),
	(470,'La Merced',17),
	(471,'La Mesa',25),
	(472,'La Montañita',18),
	(473,'La Palma',25),
	(474,'La Paz',68),
	(475,'La Paz (Robles)',20),
	(476,'La Peña',25),
	(477,'La Pintada',5),
	(478,'La Plata',41),
	(479,'La Playa',54),
	(480,'La Primavera',99),
	(481,'La Salina',85),
	(482,'La Sierra',19),
	(483,'La Tebaida',63),
	(484,'La Tola',52),
	(485,'La Unión',5),
	(486,'La Unión',52),
	(487,'La Unión',70),
	(488,'La Unión',76),
	(489,'La Uvita',15),
	(490,'La Vega',19),
	(491,'La Vega',25),
	(492,'La Victoria',15),
	(493,'La Victoria',17),
	(494,'La Victoria',76),
	(495,'La Virginia',66),
	(496,'Labateca',54),
	(497,'Labranzagrande',15),
	(498,'Landázuri',68),
	(499,'Lebrija',68),
	(500,'Leiva',52),
	(501,'Lejanías',50),
	(502,'Lenguazaque',25),
	(503,'Leticia',91),
	(504,'Liborina',5),
	(505,'Linares',52),
	(506,'Lloró',27),
	(507,'Lorica',23),
	(508,'Los Córdobas',23),
	(509,'Los Palmitos',70),
	(510,'Los Patios',54),
	(511,'Los Santos',68),
	(512,'Lourdes',54),
	(513,'Luruaco',8),
	(514,'Lérida',73),
	(515,'Líbano',73),
	(516,'López (Micay)',19),
	(517,'Macanal',15),
	(518,'Macaravita',68),
	(519,'Maceo',5),
	(520,'Machetá',25),
	(521,'Madrid',25),
	(522,'Magangué',13),
	(523,'Magüi (Payán)',52),
	(524,'Mahates',13),
	(525,'Maicao',44),
	(526,'Majagual',70),
	(527,'Malambo',8),
	(528,'Mallama (Piedrancha)',52),
	(529,'Manatí',8),
	(530,'Manaure',44),
	(531,'Manaure Balcón del Cesar',20),
	(532,'Manizales',17),
	(533,'Manta',25),
	(534,'Manzanares',17),
	(535,'Maní',85),
	(536,'Mapiripan',50),
	(537,'Margarita',13),
	(538,'Marinilla',5),
	(539,'Maripí',15),
	(540,'Mariquita',73),
	(541,'Marmato',17),
	(542,'Marquetalia',17),
	(543,'Marsella',66),
	(544,'Marulanda',17),
	(545,'María la Baja',13),
	(546,'Matanza',68),
	(547,'Medellín',5),
	(548,'Medina',25),
	(549,'Medio Atrato',27),
	(550,'Medio Baudó',27),
	(551,'Medio San Juan (ANDAGOYA)',27),
	(552,'Melgar',73),
	(553,'Mercaderes',19),
	(554,'Mesetas',50),
	(555,'Milán',18),
	(556,'Miraflores',15),
	(557,'Miraflores',95),
	(558,'Miranda',19),
	(559,'Mistrató',66),
	(560,'Mitú',97),
	(561,'Mocoa',86),
	(562,'Mogotes',68),
	(563,'Molagavita',68),
	(564,'Momil',23),
	(565,'Mompós',13),
	(566,'Mongua',15),
	(567,'Monguí',15),
	(568,'Moniquirá',15),
	(569,'Montebello',5),
	(570,'Montecristo',13),
	(571,'Montelíbano',23),
	(572,'Montenegro',63),
	(573,'Monteria',23),
	(574,'Monterrey',85),
	(575,'Morales',13),
	(576,'Morales',19),
	(577,'Morelia',18),
	(578,'Morroa',70),
	(579,'Mosquera',25),
	(580,'Mosquera',52),
	(581,'Motavita',15),
	(582,'Moñitos',23),
	(583,'Murillo',73),
	(584,'Murindó',5),
	(585,'Mutatá',5),
	(586,'Mutiscua',54),
	(587,'Muzo',15),
	(588,'Málaga',68),
	(589,'Nariño',5),
	(590,'Nariño',25),
	(591,'Nariño',52),
	(592,'Natagaima',73),
	(593,'Nechí',5),
	(594,'Necoclí',5),
	(595,'Neira',17),
	(596,'Neiva',41),
	(597,'Nemocón',25),
	(598,'Nilo',25),
	(599,'Nimaima',25),
	(600,'Nobsa',15),
	(601,'Nocaima',25),
	(602,'Norcasia',17),
	(603,'Norosí',13),
	(604,'Novita',27),
	(605,'Nueva Granada',47),
	(606,'Nuevo Colón',15),
	(607,'Nunchía',85),
	(608,'Nuquí',27),
	(609,'Nátaga',41),
	(610,'Obando',76),
	(611,'Ocamonte',68),
	(612,'Ocaña',54),
	(613,'Oiba',68),
	(614,'Oicatá',15),
	(615,'Olaya',5),
	(616,'Olaya Herrera',52),
	(617,'Onzaga',68),
	(618,'Oporapa',41),
	(619,'Orito',86),
	(620,'Orocué',85),
	(621,'Ortega',73),
	(622,'Ospina',52),
	(623,'Otanche',15),
	(624,'Ovejas',70),
	(625,'Pachavita',15),
	(626,'Pacho',25),
	(627,'Padilla',19),
	(628,'Paicol',41),
	(629,'Pailitas',20),
	(630,'Paime',25),
	(631,'Paipa',15),
	(632,'Pajarito',15),
	(633,'Palermo',41),
	(634,'Palestina',17),
	(635,'Palestina',41),
	(636,'Palmar',68),
	(637,'Palmar de Varela',8),
	(638,'Palmas del Socorro',68),
	(639,'Palmira',76),
	(640,'Palmito',70),
	(641,'Palocabildo',73),
	(642,'Pamplona',54),
	(643,'Pamplonita',54),
	(644,'Pandi',25),
	(645,'Panqueba',15),
	(646,'Paratebueno',25),
	(647,'Pasca',25),
	(648,'Patía (El Bordo)',19),
	(649,'Pauna',15),
	(650,'Paya',15),
	(651,'Paz de Ariporo',85),
	(652,'Paz de Río',15),
	(653,'Pedraza',47),
	(654,'Pelaya',20),
	(655,'Pensilvania',17),
	(656,'Peque',5),
	(657,'Pereira',66),
	(658,'Pesca',15),
	(659,'Peñol',5),
	(660,'Piamonte',19),
	(661,'Pie de Cuesta',68),
	(662,'Piedras',73),
	(663,'Piendamó',19),
	(664,'Pijao',63),
	(665,'Pijiño',47),
	(666,'Pinchote',68),
	(667,'Pinillos',13),
	(668,'Piojo',8),
	(669,'Pisva',15),
	(670,'Pital',41),
	(671,'Pitalito',41),
	(672,'Pivijay',47),
	(673,'Planadas',73),
	(674,'Planeta Rica',23),
	(675,'Plato',47),
	(676,'Policarpa',52),
	(677,'Polonuevo',8),
	(678,'Ponedera',8),
	(679,'Popayán',19),
	(680,'Pore',85),
	(681,'Potosí',52),
	(682,'Pradera',76),
	(683,'Prado',73),
	(684,'Providencia',52),
	(685,'Providencia',88),
	(686,'Pueblo Bello',20),
	(687,'Pueblo Nuevo',23),
	(688,'Pueblo Rico',66),
	(689,'Pueblorrico',5),
	(690,'Puebloviejo',47),
	(691,'Puente Nacional',68),
	(692,'Puerres',52),
	(693,'Puerto Asís',86),
	(694,'Puerto Berrío',5),
	(695,'Puerto Boyacá',15),
	(696,'Puerto Caicedo',86),
	(697,'Puerto Carreño',99),
	(698,'Puerto Colombia',8),
	(699,'Puerto Concordia',50),
	(700,'Puerto Escondido',23),
	(701,'Puerto Gaitán',50),
	(702,'Puerto Guzmán',86),
	(703,'Puerto Leguízamo',86),
	(704,'Puerto Libertador',23),
	(705,'Puerto Lleras',50),
	(706,'Puerto López',50),
	(707,'Puerto Nare',5),
	(708,'Puerto Nariño',91),
	(709,'Puerto Parra',68),
	(710,'Puerto Rico',18),
	(711,'Puerto Rico',50),
	(712,'Puerto Rondón',81),
	(713,'Puerto Salgar',25),
	(714,'Puerto Santander',54),
	(715,'Puerto Tejada',19),
	(716,'Puerto Triunfo',5),
	(717,'Puerto Wilches',68),
	(718,'Pulí',25),
	(719,'Pupiales',52),
	(720,'Puracé (Coconuco)',19),
	(721,'Purificación',73),
	(722,'Purísima',23),
	(723,'Pácora',17),
	(724,'Páez',15),
	(725,'Páez (Belalcazar)',19),
	(726,'Páramo',68),
	(727,'Quebradanegra',25),
	(728,'Quetame',25),
	(729,'Quibdó',27),
	(730,'Quimbaya',63),
	(731,'Quinchía',66),
	(732,'Quipama',15),
	(733,'Quipile',25),
	(734,'Ragonvalia',54),
	(735,'Ramiriquí',15),
	(736,'Recetor',85),
	(737,'Regidor',13),
	(738,'Remedios',5),
	(739,'Remolino',47),
	(740,'Repelón',8),
	(741,'Restrepo',50),
	(742,'Restrepo',76),
	(743,'Retiro',5),
	(744,'Ricaurte',25),
	(745,'Ricaurte',52),
	(746,'Rio Negro',68),
	(747,'Rioblanco',73),
	(748,'Riofrío',76),
	(749,'Riohacha',44),
	(750,'Risaralda',17),
	(751,'Rivera',41),
	(752,'Roberto Payán (San José)',52),
	(753,'Roldanillo',76),
	(754,'Roncesvalles',73),
	(755,'Rondón',15),
	(756,'Rosas',19),
	(757,'Rovira',73),
	(758,'Ráquira',15),
	(759,'Río Iró',27),
	(760,'Río Quito',27),
	(761,'Río Sucio',17),
	(762,'Río Viejo',13),
	(763,'Río de oro',20),
	(764,'Ríonegro',5),
	(765,'Ríosucio',27),
	(766,'Sabana de Torres',68),
	(767,'Sabanagrande',8),
	(768,'Sabanalarga',5),
	(769,'Sabanalarga',8),
	(770,'Sabanalarga',85),
	(771,'Sabanas de San Angel (SAN ANGEL)',47),
	(772,'Sabaneta',5),
	(773,'Saboyá',15),
	(774,'Sahagún',23),
	(775,'Saladoblanco',41),
	(776,'Salamina',17),
	(777,'Salamina',47),
	(778,'Salazar',54),
	(779,'Saldaña',73),
	(780,'Salento',63),
	(781,'Salgar',5),
	(782,'Samacá',15),
	(783,'Samaniego',52),
	(784,'Samaná',17),
	(785,'Sampués',70),
	(786,'San Agustín',41),
	(787,'San Alberto',20),
	(788,'San Andrés',68),
	(789,'San Andrés Sotavento',23),
	(790,'San Andrés de Cuerquía',5),
	(791,'San Antero',23),
	(792,'San Antonio',73),
	(793,'San Antonio de Tequendama',25),
	(794,'San Benito',68),
	(795,'San Benito Abad',70),
	(796,'San Bernardo',25),
	(797,'San Bernardo',52),
	(798,'San Bernardo del Viento',23),
	(799,'San Calixto',54),
	(800,'San Carlos',5),
	(801,'San Carlos',23),
	(802,'San Carlos de Guaroa',50),
	(803,'San Cayetano',25),
	(804,'San Cayetano',54),
	(805,'San Cristobal',13),
	(806,'San Diego',20),
	(807,'San Eduardo',15),
	(808,'San Estanislao',13),
	(809,'San Fernando',13),
	(810,'San Francisco',5),
	(811,'San Francisco',25),
	(812,'San Francisco',86),
	(813,'San Gíl',68),
	(814,'San Jacinto',13),
	(815,'San Jacinto del Cauca',13),
	(816,'San Jerónimo',5),
	(817,'San Joaquín',68),
	(818,'San José',17),
	(819,'San José de Miranda',68),
	(820,'San José de Montaña',5),
	(821,'San José de Pare',15),
	(822,'San José de Uré',23),
	(823,'San José del Fragua',18),
	(824,'San José del Guaviare',95),
	(825,'San José del Palmar',27),
	(826,'San Juan de Arama',50),
	(827,'San Juan de Betulia',70),
	(828,'San Juan de Nepomuceno',13),
	(829,'San Juan de Pasto',52),
	(830,'San Juan de Río Seco',25),
	(831,'San Juan de Urabá',5),
	(832,'San Juan del Cesar',44),
	(833,'San Juanito',50),
	(834,'San Lorenzo',52),
	(835,'San Luis',73),
	(836,'San Luís',5),
	(837,'San Luís de Gaceno',15),
	(838,'San Luís de Palenque',85),
	(839,'San Marcos',70),
	(840,'San Martín',20),
	(841,'San Martín',50),
	(842,'San Martín de Loba',13),
	(843,'San Mateo',15),
	(844,'San Miguel',68),
	(845,'San Miguel',86),
	(846,'San Miguel de Sema',15),
	(847,'San Onofre',70),
	(848,'San Pablo',13),
	(849,'San Pablo',52),
	(850,'San Pablo de Borbur',15),
	(851,'San Pedro',5),
	(852,'San Pedro',70),
	(853,'San Pedro',76),
	(854,'San Pedro de Cartago',52),
	(855,'San Pedro de Urabá',5),
	(856,'San Pelayo',23),
	(857,'San Rafael',5),
	(858,'San Roque',5),
	(859,'San Sebastián',19),
	(860,'San Sebastián de Buenavista',47),
	(861,'San Vicente',5),
	(862,'San Vicente del Caguán',18),
	(863,'San Vicente del Chucurí',68),
	(864,'San Zenón',47),
	(865,'Sandoná',52),
	(866,'Santa Ana',47),
	(867,'Santa Bárbara',5),
	(868,'Santa Bárbara',68),
	(869,'Santa Bárbara (Iscuandé)',52),
	(870,'Santa Bárbara de Pinto',47),
	(871,'Santa Catalina',13),
	(872,'Santa Fé de Antioquia',5),
	(873,'Santa Genoveva de Docorodó',27),
	(874,'Santa Helena del Opón',68),
	(875,'Santa Isabel',73),
	(876,'Santa Lucía',8),
	(877,'Santa Marta',47),
	(878,'Santa María',15),
	(879,'Santa María',41),
	(880,'Santa Rosa',13),
	(881,'Santa Rosa',19),
	(882,'Santa Rosa de Cabal',66),
	(883,'Santa Rosa de Osos',5),
	(884,'Santa Rosa de Viterbo',15),
	(885,'Santa Rosa del Sur',13),
	(886,'Santa Rosalía',99),
	(887,'Santa Sofía',15),
	(888,'Santana',15),
	(889,'Santander de Quilichao',19),
	(890,'Santiago',54),
	(891,'Santiago',86),
	(892,'Santo Domingo',5),
	(893,'Santo Tomás',8),
	(894,'Santuario',5),
	(895,'Santuario',66),
	(896,'Sapuyes',52),
	(897,'Saravena',81),
	(898,'Sardinata',54),
	(899,'Sasaima',25),
	(900,'Sativanorte',15),
	(901,'Sativasur',15),
	(902,'Segovia',5),
	(903,'Sesquilé',25),
	(904,'Sevilla',76),
	(905,'Siachoque',15),
	(906,'Sibaté',25),
	(907,'Sibundoy',86),
	(908,'Silos',54),
	(909,'Silvania',25),
	(910,'Silvia',19),
	(911,'Simacota',68),
	(912,'Simijaca',25),
	(913,'Simití',13),
	(914,'Sincelejo',70),
	(915,'Sincé',70),
	(916,'Sipí',27),
	(917,'Sitionuevo',47),
	(918,'Soacha',25),
	(919,'Soatá',15),
	(920,'Socha',15),
	(921,'Socorro',68),
	(922,'Socotá',15),
	(923,'Sogamoso',15),
	(924,'Solano',18),
	(925,'Soledad',8),
	(926,'Solita',18),
	(927,'Somondoco',15),
	(928,'Sonsón',5),
	(929,'Sopetrán',5),
	(930,'Soplaviento',13),
	(931,'Sopó',25),
	(932,'Sora',15),
	(933,'Soracá',15),
	(934,'Sotaquirá',15),
	(935,'Sotara (Paispamba)',19),
	(936,'Sotomayor (Los Andes)',52),
	(937,'Suaita',68),
	(938,'Suan',8),
	(939,'Suaza',41),
	(940,'Subachoque',25),
	(941,'Sucre',19),
	(942,'Sucre',68),
	(943,'Sucre',70),
	(944,'Suesca',25),
	(945,'Supatá',25),
	(946,'Supía',17),
	(947,'Suratá',68),
	(948,'Susa',25),
	(949,'Susacón',15),
	(950,'Sutamarchán',15),
	(951,'Sutatausa',25),
	(952,'Sutatenza',15),
	(953,'Suárez',19),
	(954,'Suárez',73),
	(955,'Sácama',85),
	(956,'Sáchica',15),
	(957,'Tabio',25),
	(958,'Tadó',27),
	(959,'Talaigua Nuevo',13),
	(960,'Tamalameque',20),
	(961,'Tame',81),
	(962,'Taminango',52),
	(963,'Tangua',52),
	(964,'Taraira',97),
	(965,'Tarazá',5),
	(966,'Tarqui',41),
	(967,'Tarso',5),
	(968,'Tasco',15),
	(969,'Tauramena',85),
	(970,'Tausa',25),
	(971,'Tello',41),
	(972,'Tena',25),
	(973,'Tenerife',47),
	(974,'Tenjo',25),
	(975,'Tenza',15),
	(976,'Teorama',54),
	(977,'Teruel',41),
	(978,'Tesalia',41),
	(979,'Tibacuy',25),
	(980,'Tibaná',15),
	(981,'Tibasosa',15),
	(982,'Tibirita',25),
	(983,'Tibú',54),
	(984,'Tierralta',23),
	(985,'Timaná',41),
	(986,'Timbiquí',19),
	(987,'Timbío',19),
	(988,'Tinjacá',15),
	(989,'Tipacoque',15),
	(990,'Tiquisio (Puerto Rico)',13),
	(991,'Titiribí',5),
	(992,'Toca',15),
	(993,'Tocaima',25),
	(994,'Tocancipá',25),
	(995,'Toguí',15),
	(996,'Toledo',5),
	(997,'Toledo',54),
	(998,'Tolú',70),
	(999,'Tolú Viejo',70),
	(1000,'Tona',68),
	(1001,'Topagá',15),
	(1002,'Topaipí',25),
	(1003,'Toribío',19),
	(1004,'Toro',76),
	(1005,'Tota',15),
	(1006,'Totoró',19),
	(1007,'Trinidad',85),
	(1008,'Trujillo',76),
	(1009,'Tubará',8),
	(1010,'Tuchín',23),
	(1011,'Tulúa',76),
	(1012,'Tumaco',52),
	(1013,'Tunja',15),
	(1014,'Tunungua',15),
	(1015,'Turbaco',13),
	(1016,'Turbaná',13),
	(1017,'Turbo',5),
	(1018,'Turmequé',15),
	(1019,'Tuta',15),
	(1020,'Tutasá',15),
	(1021,'Támara',85),
	(1022,'Támesis',5),
	(1023,'Túquerres',52),
	(1024,'Ubalá',25),
	(1025,'Ubaque',25),
	(1026,'Ubaté',25),
	(1027,'Ulloa',76),
	(1028,'Une',25),
	(1029,'Unguía',27),
	(1030,'Unión Panamericana (ÁNIMAS)',27),
	(1031,'Uramita',5),
	(1032,'Uribe',50),
	(1033,'Uribia',44),
	(1034,'Urrao',5),
	(1035,'Urumita',44),
	(1036,'Usiacuri',8),
	(1037,'Valdivia',5),
	(1038,'Valencia',23),
	(1039,'Valle de San José',68),
	(1040,'Valle de San Juan',73),
	(1041,'Valle del Guamuez',86),
	(1042,'Valledupar',20),
	(1043,'Valparaiso',5),
	(1044,'Valparaiso',18),
	(1045,'Vegachí',5),
	(1046,'Venadillo',73),
	(1047,'Venecia',5),
	(1048,'Venecia (Ospina Pérez)',25),
	(1049,'Ventaquemada',15),
	(1050,'Vergara',25),
	(1051,'Versalles',76),
	(1052,'Vetas',68),
	(1053,'Viani',25),
	(1054,'Vigía del Fuerte',5),
	(1055,'Vijes',76),
	(1056,'Villa Caro',54),
	(1057,'Villa Rica',19),
	(1058,'Villa de Leiva',15),
	(1059,'Villa del Rosario',54),
	(1060,'Villagarzón',86),
	(1061,'Villagómez',25),
	(1062,'Villahermosa',73),
	(1063,'Villamaría',17),
	(1064,'Villanueva',13),
	(1065,'Villanueva',44),
	(1066,'Villanueva',68),
	(1067,'Villanueva',85),
	(1068,'Villapinzón',25),
	(1069,'Villarrica',73),
	(1070,'Villavicencio',50),
	(1071,'Villavieja',41),
	(1072,'Villeta',25),
	(1073,'Viotá',25),
	(1074,'Viracachá',15),
	(1075,'Vista Hermosa',50),
	(1076,'Viterbo',17),
	(1077,'Vélez',68),
	(1078,'Yacopí',25),
	(1079,'Yacuanquer',52),
	(1080,'Yaguará',41),
	(1081,'Yalí',5),
	(1082,'Yarumal',5),
	(1083,'Yolombó',5),
	(1084,'Yondó (Casabe)',5),
	(1085,'Yopal',85),
	(1086,'Yotoco',76),
	(1087,'Yumbo',76),
	(1088,'Zambrano',13),
	(1089,'Zapatoca',68),
	(1090,'Zapayán (PUNTA DE PIEDRAS)',47),
	(1091,'Zaragoza',5),
	(1092,'Zarzal',76),
	(1093,'Zetaquirá',15),
	(1094,'Zipacón',25),
	(1095,'Zipaquirá',25),
	(1096,'Zona Bananera (PRADO - SEVILLA)',47),
	(1097,'Ábrego',54),
	(1098,'Íquira',41),
	(1099,'Úmbita',15),
	(1100,'Útica',25);

	
	
	
	
	
---------------------------------------------------------------------------------------------------------------------------------------------------

--Comunas


INSERT INTO opcapp_comunacorregimiento(id, name, city_id, zone_id) VALUES (1,'Comuna 1',150,2),(2,'Comuna 2',150,2), (3,'Comuna 3',150,2), (4,'Comuna 4',150,2), (5,'Comuna 5',150,2), (6,'Comuna 6',150,2), (7,'Comuna 7',150,2), (8,'Comuna 8',150,2), (9,'Comuna 9',150,2), (10,'Comuna 10',150,2), (11,'Comuna 11',150,2), (12,'Comuna 12',150,2), (13,'Comuna 13',150,2), (14,'Comuna 14',150,2), (15,'Comuna 15',150,2), (16,'Comuna 16',150,2), (17,'Comuna 17',150,2), (18,'Comuna 18',150,2), (19,'Comuna 19',150,2), (20,'Comuna 20',150,2), (21,'Comuna 21',150,2), (22,'Comuna 22',150,2);


---------------------------------------------------------------------------------------------------------------------------------------------------

--corregimientos


INSERT INTO opcapp_comunacorregimiento(id, name, city_id, zone_id) VALUES (23,'Golondrinas',150,1), (24,'El Hormiguero',150,1), (25,'El Saladito',150,1), (26,'Felidia',150,1), (27,'La Buitrera',150,1), (28,'La Castilla',150,1), (29,'La Elvira',150,1), (30,'La Leonera',150,1), (31,'La Paz',150,1), (32,'Los Andes',150,1), (33,'Montebello',150,1), (34,'Navarro',150,1), (35,'Pance',150,1), (36,'Pichinde',150,1), (37,'Villacarmelo',150,1);




---------------------------------------------------------------------------------------------------------------------------------------------------




--Barrios

INSERT INTO opcapp_neighborhoodvereda (id, name, "comunaCorregimiento_id", zone_id) VALUES (1,'Terrón Colorado',1,2), 
(2,'Vista Hermosa',1,2), 
(3,'Sector Patio Bonito',1,2), 
(4,'Aguacatal',1,2), 
(5,'Santa Rita',2,2), 
(6,'Santa Teresita',2,2), 
(7,'Arboledas',2,2), 
(8,'Normandía',2,2), 
(9,'Juanambú',2,2), 
(10,'Centenario',2,2), 
(11,'Granada',2,2), 
(12,'Versalles',2,2), 
(13,'San Vicente',2,2), 
(14,'Santa Mónica',2,2), 
(15,'Prados del Norte',2,2), 
(16,'La Flora',2,2), 
(17,'La Campiña',2,2), 
(18,'La Paz',2,2), 
(19,'El Bosque',2,2), 
(20,'Menga',2,2), 
(21,'Ciudad Los Alamos',2,2), 
(22,'Chipichape',2,2), 
(23,'Brisas de los Alamos',2,2), 
(24,'La Merced',2,2), 
(25,'Vipasa',2,2), 
(26,'La Flora',2,2), 
(27,'Altos de Menga',2,2), 
(28,'Parque del Amor',2,2), 
(29,'El Nacional',3,2), 
(30,'El Peñón',3,2), 
(31,'San Antonio',3,2), 
(32,'San Cayetano',3,2), 
(33,'Los Libertadores',3,2), 
(34,'San Juan Bosco',3,2), 
(35,'Santa Rosa',3,2), 
(36,'La Merced',3,2), 
(37,'San Pascual',3,2), 
(38,'El Calvario',3,2), 
(39,'San Pedro',3,2), 
(40,'San Nicolas',3,2), 
(41,'El Hoyo',3,2), 
(42,'El Piloto',3,2), 
(43,'Navarro - La Chanca',3,2), 
(44,'Jorge Isaacs',4,2), 
(45,'Santander',4,2), 
(46,'Porvenir',4,2), 
(47,'Las Delicias',4,2), 
(48,'Manzanares',4,2), 
(49,'Salomia',4,2), 
(50,'Fátima',4,2), 
(51,'Sultana - Berlín - San Francisco',4,2), 
(52,'Popular',4,2), 
(53,'Ignacio Rengifo',4,2), 
(54,'Guillermo Valencia',4,2), 
(55,'La Isla',4,2), 
(56,'Marco Fidel Suárez',4,2), 
(57,'Evaristo García',4,2), 
(58,'La Esmeralda',4,2), 
(59,'Bolivariano',4,2), 
(60,'Olaya Herrera',4,2), 
(61,'Unidad Residencial Bueno Madrid',4,2), 
(62,'Flora Industrial',4,2), 
(63,'Calima',4,2), 
(64,'Industria de Licores',4,2), 
(65,'La Alianza',4,2), 
(66,'El Sena',5,2), 
(67,'Los Andes',5,2), 
(68,'Los Guayacanes',5,2), 
(69,'Chiminangos Segunda Etapa',5,2), 
(70,'Chiminangos Primera Etapa',5,2), 
(71,'Metropolitano del Norte',5,2), 
(72,'Los Parques - Barranquilla',5,2), 
(73,'Villa del Sol',5,2), 
(74,'Paseo de Los Almendros',5,2), 
(75,'Los Andes B - La Riviera',5,2), 
(76,'Torres de Comfandi',5,2), 
(77,'Villa del Prado - El Guabito',5,2), 
(78,'San Luís',6,2), 
(79,'Jorge Eliecer Gaitán',6,2), 
(80,'Paso del Comercio',6,2), 
(81,'Los Alcázares',6,2), 
(82,'Petecuy Primera Etapa',6,2), 
(83,'Petecuy Segunda Etapa',6,2), 
(84,'La Rivera Primera Etapa',6,2), 
(85,'Los Guaduales',6,2), 
(86,'Petecuy Tercera Etapa',6,2), 
(87,'Ciudadela Floralia',6,2), 
(88,'Fonaviemcali',6,2), 
(89,'San Luís II',6,2), 
(90,'Urbanización Calimio',6,2), 
(91,'Sector Puente del Comercio',6,2), 
(92,'Alfonso López P. 1a. Etapa',7,2), 
(93,'Alfonso López P. 2a. Etapa',7,2), 
(94,'Alfonso López P. 3a. Etapa',7,2), 
(95,'Puerto Nuevo',7,2), 
(96,'Puerto Mallarino',7,2), 
(97,'Urbanización El Angel del Hogar',7,2), 
(98,'Siete de Agosto',7,2), 
(99,'Los Pinos',7,2), 
(100,'San Marino',7,2), 
(101,'Las Ceibas',7,2), 
(102,'Base Aérea',7,2), 
(103,'Parque de la Caña',7,2), 
(104,'Fepicol',7,2), 
(105,'Primitivo Crespo',8,2), 
(106,'Simón Bolívar',8,2), 
(107,'Saavedra Galindo',8,2), 
(108,'Uribe Uribe',8,2), 
(109,'Santa Mónica Popular',8,2), 
(110,'La Floresta',8,2), 
(111,'Benjamín Herrera',8,2), 
(112,'Municipal',8,2), 
(113,'Industrial',8,2), 
(114,'El Troncal',8,2), 
(115,'Las Américas',8,2), 
(116,'Atanasio Girardot',8,2), 
(117,'Santa Fe',8,2), 
(118,'Chapinero',8,2), 
(119,'Villa Colombia',8,2), 
(120,'EL Trébol',8,2), 
(121,'La Base',8,2), 
(122,'Urbanización La Nueva Base',8,2), 
(123,'Alameda',9,2), 
(124,'Bretaña',9,2), 
(125,'Junín',9,2), 
(126,'Guayaquil',9,2), 
(127,'Aranjuez',9,2), 
(128,'Manuel María Buenaventura',9,2), 
(129,'Santa Mónica Belalcázar',9,2), 
(130,'Belalcázar',9,2), 
(131,'Sucre',9,2), 
(132,'Barrio Obrero',9,2), 
(133,'El Dorado',10,2), 
(134,'El Guabal',10,2), 
(135,'La Libertad',10,2), 
(136,'Santa Elena',10,2), 
(137,'Las Acacias',10,2), 
(138,'Santo Domingo',10,2), 
(139,'Jorge Zawadsky',10,2), 
(140,'Olímpico',10,2), 
(141,'Cristóbal Colón',10,2), 
(142,'La Selva',10,2), 
(143,'Barrio Departamental',10,2), 
(144,'Pasoancho',10,2), 
(145,'Panamericano',10,2), 
(146,'Colseguros Andes',10,2), 
(147,'San Cristobal',10,2), 
(148,'Las Granjas',10,2), 
(149,'San Judas Tadeo I Etapa',10,2), 
(150,'San Judas Tadeo II Etapa',10,2), 
(151,'San Carlos',11,2), 
(152,'Maracaibo',11,2), 
(153,'La Independencia',11,2), 
(154,'La Esperanza',11,2), 
(155,'Urbanización Boyacá',11,2), 
(156,'El Jardín',11,2), 
(157,'La Fortaleza',11,2), 
(158,'El Recuerdo',11,2), 
(159,'Aguablanca',11,2), 
(160,'El Prado',11,2), 
(161,'20 de Julio',11,2), 
(162,'Prados de Oriente',11,2), 
(163,'Los Sauces',11,2), 
(164,'Villa del Sur',11,2), 
(165,'José Holguín Garcés',11,2), 
(166,'León XIII',11,2), 
(167,'José María Cordoba',11,2), 
(168,'San Pedro Claver',11,2), 
(169,'Los Conquistadores',11,2), 
(170,'La Gran Colombia',11,2), 
(171,'San Benito',11,2), 
(172,'Primavera',11,2), 
(173,'Villanueva',12,2), 
(174,'Asturias',12,2), 
(175,'Eduardo Santos',12,2), 
(176,'Alfonso Barberena A.',12,2), 
(177,'El Paraiso',12,2), 
(178,'Fenalco Kennedy',12,2), 
(179,'Nueva Floresta',12,2), 
(180,'Julio Rincón',12,2), 
(181,'Doce de Octubre',12,2), 
(182,'El Rodeo',12,2), 
(183,'Sindical',12,2), 
(184,'Bello Horizonte',12,2), 
(185,'Ulpiano Lloreda',13,2), 
(186,'El Vergel',13,2), 
(187,'El Poblado I',13,2), 
(188,'El Poblado II',13,2), 
(189,'Los Comuneros Segunda Etapa',13,2), 
(190,'Ricardo Balcázar',13,2), 
(191,'Omar Torrijos',13,2), 
(192,'El Diamante',13,2), 
(193,'Lleras Restrepo',13,2), 
(194,'Villa del Lago',13,2), 
(195,'Los Robles',13,2), 
(196,'Rodrigo Lara Bonilla',13,2), 
(197,'Charco Azul',13,2), 
(198,'Villablanca',13,2), 
(199,'Calipso',13,2), 
(200,'Yira Castro',13,2), 
(201,'Lleras Restrepo II Etapa',13,2), 
(202,'Marroquín III',13,2), 
(203,'Los Lagos',13,2), 
(204,'Sector Laguna del Pondaje',13,2), 
(205,'El Pondaje',13,2), 
(206,'Sector Asprosocial-Diamante',13,2), 
(207,'Alfonso Bonilla Aragón',14,2), 
(208,'Alirio Mora Beltrán',14,2), 
(209,'Manuela Beltrán',14,2), 
(210,'Las Orquídeas',14,2), 
(211,'José Manuel Marroquín Segunda Etapa',14,2), 
(212,'José Manuel Marroquín Primera Etapa',14,2), 
(213,'Puerta del Sol',14,2), 
(214,'Los Naranjos I',14,2), 
(215,'Promociones Populares B',14,2), 
(216,'Los Naranjos II',14,2), 
(217,'El Retiro',15,2), 
(218,'Comuneros I',15,2), 
(219,'Laureano Gómez',15,2), 
(220,'El Vallado',15,2), 
(221,'Ciudad Cordoba',15,2), 
(222,'Mojica',15,2), 
(223,'El Morichal',15,2), 
(224,'Mariano Ramos',16,2), 
(225,'República de Israel',16,2), 
(226,'Unión de Vivienda Popular',16,2), 
(227,'Antonio Nariño',16,2), 
(228,'Brisas del Limonar',16,2), 
(229,'Ciudad 2000',16,2), 
(230,'La Alborada',16,2), 
(231,'La Playa',17,2), 
(232,'Primero de Mayo',17,2), 
(233,'Ciudadela Comfandi',17,2), 
(234,'Ciudad Universitaria',17,2), 
(235,'Caney',17,2), 
(236,'Lili',17,2), 
(237,'Santa Anita - La Selva',17,2), 
(238,'El Ingenio',17,2), 
(239,'Mayapan - Las Vegas',17,2), 
(240,'Las Quintas de Don Simón',17,2), 
(241,'Ciudad Capri',17,2), 
(242,'La Hacienda',17,2), 
(243,'Los Portales - Nuevo Rey',17,2), 
(244,'Cañaverales - Los Samanes',17,2), 
(245,'El Limonar',17,2), 
(246,'Bosques del Limonar',17,2), 
(247,'El Gran Limonar - Cataya',17,2), 
(248,'El Gran Limonar',17,2), 
(249,'Unicentro Cali',17,2), 
(250,'Ciudadela Pasoancho',17,2), 
(251,'Prados del Limonar',17,2), 
(252,'Urbanización San Joaquin',17,2), 
(253,'Buenos Aires',18,2), 
(254,'Barrio Caldas',18,2), 
(255,'Los Chorros',18,2), 
(256,'Meléndez',18,2), 
(257,'Los Farallones',18,2), 
(258,'Francisco Eladio Ramirez',18,2), 
(259,'Prados del Sur',18,2), 
(260,'Horizontes',18,2), 
(261,'Mario Correa Rengifo',18,2), 
(262,'Lourdes',18,2), 
(263,'Colinas del Sur',18,2), 
(264,'Alférez Real',18,2), 
(265,'Nápoles',18,2), 
(266,'El Jordán',18,2), 
(267,'Cuarteles Napoles',18,2), 
(268,'Sector Alto de Los Chorros',18,2), 
(269,'Polvorines',18,2), 
(270,'Sector Meléndez',18,2), 
(271,'Sector Alto Jordán',18,2), 
(272,'Alto Nápoles',18,2), 
(273,'El Refugio',19,2), 
(274,'La Cascada',19,2), 
(275,'El Lido',19,2), 
(276,'Urbanización Tequendama',19,2), 
(277,'Barrio Eucarístico',19,2), 
(278,'San Fernando Nuevo',19,2), 
(279,'Urbanización Nueva Granada',19,2), 
(280,'Santa Isabel',19,2), 
(281,'Bellavista',19,2), 
(282,'San Fernando Viejo',19,2), 
(283,'Miraflores',19,2), 
(284,'3 de Julio',19,2), 
(285,'El Cedro',19,2), 
(286,'Champagñat',19,2), 
(287,'Urbanización Colseguros',19,2), 
(288,'Los Cambulos',19,2), 
(289,'El Mortiñal',19,2), 
(290,'Urbanización Militar',19,2), 
(291,'Cuarto de Legua - Guadalupe',19,2), 
(292,'Nueva Tequendama',19,2), 
(293,'Camino Real - Joaquín Borrero Sinisterra',19,2), 
(294,'Camino Real - Los Fundadores',19,2), 
(295,'Altos de Santa Isabel -  La Morelia',19,2), 
(296,'Santa Barbara',19,2), 
(297,'Tejares - Cristales',19,2), 
(298,'Unidad Residencial Santiago de Cali',19,2), 
(299,'Unidad Residencial El Coliseo',19,2), 
(300,'Cañaveralejo - Seguros Patria',19,2), 
(301,'Cañaveral',19,2), 
(302,'Pampa Linda',19,2), 
(303,'Sector Cañaveralejo Guadalupe',19,2), 
(304,'U.D. Alberto Galindo -  Plaza de Toros',19,2), 
(305,'El Cortijo',20,2), 
(306,'Belisario Caicedo',20,2), 
(307,'Siloé',20,2), 
(308,'Lleras Camargo',20,2), 
(309,'Belén',20,2), 
(310,'Brisas de Mayo',20,2), 
(311,'Tierra Blanca',20,2), 
(312,'Pueblo Joven',20,2), 
(313,'Carabineros',20,2), 
(314,'Venezuela - Urbanización Cañaveralejo',20,2), 
(315,'La Sultana',20,2), 
(316,'Pízamos I',21,2), 
(317,'Pízamos II',21,2), 
(318,'Calimio Desepaz',21,2), 
(319,'El Remanso',21,2), 
(320,'Los Líderes',21,2), 
(321,'Desepaz Invicali',21,2), 
(322,'Compartir',21,2), 
(323,'Ciudad Talanga',21,2), 
(324,'Villamercedes I - Villa Luz - Las Garzas',21,2), 
(325,'Pízamos III - Las Dalias',21,2), 
(326,'Potrero Grande',21,2), 
(327,'Ciudadela del Río',21,2), 
(328,'Valle Grande',21,2), 
(329,'Planta de Tratamiento',21,2), 
(330,'Urbanización Ciudad Jardín',22,2), 
(331,'Parcelaciones Pance',22,2), 
(332,'Urbanización Río Lili',22,2), 
(333,'Ciudad Campestre',22,2), 
(334,'Club Campestre',22,2);

	
---------------------------------------------------------------------------------------------------------------------------------------------------

--veredas


INSERT INTO opcapp_neighborhoodvereda (id, name, "comunaCorregimiento_id", zone_id) VALUES (335,'Navarro (Cabecera)',34,1), 
(336,'El Estero',34,1), 
(337,'Zona de reserva agrícola',34,1), 
(338,'Jarillón Navarro',34,1), 
(339,'El Hormiguero (Cabecera)',24,1), 
(340,'Morgan',24,1), 
(341,'La Paila',24,1), 
(342,'Cauca Viejo',24,1), 
(343,'Cascajal',24,1), 
(344,'Zona de reserva agrícola',24,1), 
(345,'La Vorágine',35,1), 
(346,'Pance (Cabecera)',35,1), 
(347,'San Francisco',35,1), 
(348,'El Jardín',35,1), 
(349,'Pico de Aguila',35,1), 
(350,'El Banqueo',35,1), 
(351,'El Peón',35,1), 
(352,'La María',35,1), 
(353,'Pance Suburbano (La Viga)',35,1), 
(354,'La Buitrera (Cabecera)',27,1), 
(355,'La Riverita',27,1), 
(356,'El Rosario',27,1), 
(357,'El Otoño',27,1), 
(358,'Alto de Los Mangos',27,1), 
(359,'La Luisa',27,1), 
(360,'La Sirena',27,1), 
(361,'Parque de La Bandera',27,1), 
(362,'Cantaclaro',27,1), 
(363,'Club Campestre',27,1), 
(364,'Villacarmelo (Cabecera)',37,1), 
(365,'La Fonda',37,1), 
(366,'Dos Quebradas',37,1), 
(367,'La Candelaria',37,1), 
(368,'El Carmen',37,1), 
(369,'La Sirena',37,1), 
(370,'Los Andes (Cabecera)',32,1), 
(371,'Los Cárpatos',32,1), 
(372,'Quebrada Honda',32,1), 
(373,'Pueblo Nuevo',32,1), 
(374,'El Faro',32,1), 
(375,'La Reforma - El Mango',32,1), 
(376,'La Carolina - Los Andes Bajo',32,1), 
(377,'El Cabuyal',32,1), 
(378,'Atenas - Mameyal',32,1), 
(379,'Mónaco',32,1), 
(380,'Pichindé (Cabecera)',36,1), 
(381,'Peñas Blancas',36,1), 
(382,'Loma de La Cajita',36,1), 
(383,'La Leonera (Cabecera)',30,1), 
(384,'El Pato',30,1), 
(385,'El Porvenir',30,1), 
(386,'El Pajuil',30,1), 
(387,'La Cajita',30,1), 
(388,'Felidia (Cabecera)',26,1), 
(389,'La Esperanza',26,1), 
(390,'Las Nieves',26,1), 
(391,'El Diamante',26,1), 
(392,'Santa Helena',26,1), 
(393,'El Saladito (Cabecera)',25,1), 
(394,'San Antonio',25,1), 
(395,'San Pablo',25,1), 
(396,'San Miguel',25,1), 
(397,'Montañuelas',25,1), 
(398,'El Palomar',25,1), 
(399,'El Cerezo',25,1), 
(400,'Las Nieves',25,1), 
(401,'La Elvira (Cabecera)',29,1), 
(402,'Los Laureles',29,1), 
(403,'Alto Aguacatal',29,1), 
(404,'La Castilla (Cabecera)',28,1), 
(405,'Las Palmas',28,1), 
(406,'Los Limones',28,1), 
(407,'Las Brisas',28,1), 
(408,'El Futuro',28,1), 
(409,'El Pinar',28,1), 
(410,'Galeras',28,1), 
(411,'La Paz (Cabecera)',31,1), 
(412,'Villa del Rosario',31,1), 
(413,'Lomitas',31,1), 
(414,'Montebello (Cabecera)',33,1), 
(415,'Campoalegre',33,1), 
(416,'Aguacatal',33,1), 
(417,'Golondrinas (Cabecera)',23,1), 
(418,'La María',23,1), 
(419,'Sector Tres Cruces',23,1);



---------------------------------------------------------------------------------------------------------------------------------------------------



INSERT INTO opcapp_comunacorregimiento(id, name, city_id, zone_id)
VALUES
(9000,'Abriaquí_lvl2',1,1),
(9001,'Acacías_lvl2',2,1),
(9002,'Acandí_lvl2',3,1),
(9003,'Acevedo_lvl2',4,1),
(9004,'Achí_lvl2',5,1),
(9005,'Agrado_lvl2',6,1),
(9006,'Agua de Dios_lvl2',7,1),
(9007,'Aguachica_lvl2',8,1),
(9008,'Aguada_lvl2',9,1),
(9009,'Aguadas_lvl2',10,1),
(9010,'Aguazul_lvl2',11,1),
(9011,'Agustín Codazzi_lvl2',12,1),
(9012,'Aipe_lvl2',13,1),
(9013,'Albania_lvl2',14,1),
(9014,'Albania_lvl2',15,1),
(9015,'Albania_lvl2',16,1),
(9016,'Albán_lvl2',17,1),
(9017,'Albán San José)_lvl2',18,1),
(9018,'Alcalá_lvl2',19,1),
(9019,'Alejandria_lvl2',20,1),
(9020,'Algarrobo_lvl2',21,1),
(9021,'Algeciras_lvl2',22,1),
(9022,'Almaguer_lvl2',23,1),
(9023,'Almeida_lvl2',24,1),
(9024,'Alpujarra_lvl2',25,1),
(9025,'Altamira_lvl2',26,1),
(9026,'Alto Baudó Pie de Pato)_lvl2',27,1),
(9027,'Altos del Rosario_lvl2',28,1),
(9028,'Alvarado_lvl2',29,1),
(9029,'Amagá_lvl2',30,1),
(9030,'Amalfi_lvl2',31,1),
(9031,'Ambalema_lvl2',32,1),
(9032,'Anapoima_lvl2',33,1),
(9033,'Ancuya_lvl2',34,1),
(9034,'Andalucía_lvl2',35,1),
(9035,'Andes_lvl2',36,1),
(9036,'Angelópolis_lvl2',37,1),
(9037,'Angostura_lvl2',38,1),
(9038,'Anolaima_lvl2',39,1),
(9039,'Anorí_lvl2',40,1),
(9040,'Anserma_lvl2',41,1),
(9041,'Ansermanuevo_lvl2',42,1),
(9042,'Anzoátegui_lvl2',43,1),
(9043,'Anzá_lvl2',44,1),
(9044,'Apartadó_lvl2',45,1),
(9045,'Apulo_lvl2',46,1),
(9046,'Apía_lvl2',47,1),
(9047,'Aquitania_lvl2',48,1),
(9048,'Aracataca_lvl2',49,1),
(9049,'Aranzazu_lvl2',50,1),
(9050,'Aratoca_lvl2',51,1),
(9051,'Arauca_lvl2',52,1),
(9052,'Arauquita_lvl2',53,1),
(9053,'Arbeláez_lvl2',54,1),
(9054,'Arboleda Berruecos)_lvl2',55,1),
(9055,'Arboledas_lvl2',56,1),
(9056,'Arboletes_lvl2',57,1),
(9057,'Arcabuco_lvl2',58,1),
(9058,'Arenal_lvl2',59,1),
(9059,'Argelia_lvl2',60,1),
(9060,'Argelia_lvl2',61,1),
(9061,'Argelia_lvl2',62,1),
(9062,'Ariguaní El Difícil)_lvl2',63,1),
(9063,'Arjona_lvl2',64,1),
(9064,'Armenia_lvl2',65,1),
(9065,'Armenia_lvl2',66,1),
(9066,'Armero Guayabal)_lvl2',67,1),
(9067,'Arroyohondo_lvl2',68,1),
(9068,'Astrea_lvl2',69,1),
(9069,'Ataco_lvl2',70,1),
(9070,'Atrato Yuto)_lvl2',71,1),
(9071,'Ayapel_lvl2',72,1),
(9072,'Bagadó_lvl2',73,1),
(9073,'Bahía Solano Mútis)_lvl2',74,1),
(9074,'Bajo Baudó Pizarro)_lvl2',75,1),
(9075,'Balboa_lvl2',76,1),
(9076,'Balboa_lvl2',77,1),
(9077,'Baranoa_lvl2',78,1),
(9078,'Baraya_lvl2',79,1),
(9079,'Barbacoas_lvl2',80,1),
(9080,'Barbosa_lvl2',81,1),
(9081,'Barbosa_lvl2',82,1),
(9082,'Barichara_lvl2',83,1),
(9083,'Barranca de Upía_lvl2',84,1),
(9084,'Barrancabermeja_lvl2',85,1),
(9085,'Barrancas_lvl2',86,1),
(9086,'Barranco de Loba_lvl2',87,1),
(9087,'Barranquilla_lvl2',88,1),
(9088,'Becerríl_lvl2',89,1),
(9089,'Belalcázar_lvl2',90,1),
(9090,'Bello_lvl2',91,1),
(9091,'Belmira_lvl2',92,1),
(9092,'Beltrán_lvl2',93,1),
(9093,'Belén_lvl2',94,1),
(9094,'Belén_lvl2',95,1),
(9095,'Belén de Bajirá_lvl2',96,1),
(9096,'Belén de Umbría_lvl2',97,1),
(9097,'Belén de los Andaquíes_lvl2',98,1),
(9098,'Berbeo_lvl2',99,1),
(9099,'Betania_lvl2',100,1),
(9100,'Beteitiva_lvl2',101,1),
(9101,'Betulia_lvl2',102,1),
(9102,'Betulia_lvl2',103,1),
(9103,'Bituima_lvl2',104,1),
(9104,'Boavita_lvl2',105,1),
(9105,'Bochalema_lvl2',106,1),
(9106,'Bogotá D.C._lvl2',107,1),
(9107,'Bojacá_lvl2',108,1),
(9108,'Bojayá Bellavista)_lvl2',109,1),
(9109,'Bolívar_lvl2',110,1),
(9110,'Bolívar_lvl2',111,1),
(9111,'Bolívar_lvl2',112,1),
(9112,'Bolívar_lvl2',113,1),
(9113,'Bosconia_lvl2',114,1),
(9114,'Boyacá_lvl2',115,1),
(9115,'Briceño_lvl2',116,1),
(9116,'Briceño_lvl2',117,1),
(9117,'Bucaramanga_lvl2',118,1),
(9118,'Bucarasica_lvl2',119,1),
(9119,'Buenaventura_lvl2',120,1),
(9120,'Buenavista_lvl2',121,1),
(9121,'Buenavista_lvl2',122,1),
(9122,'Buenavista_lvl2',123,1),
(9123,'Buenavista_lvl2',124,1),
(9124,'Buenos Aires_lvl2',125,1),
(9125,'Buesaco_lvl2',126,1),
(9126,'Buga_lvl2',127,1),
(9127,'Bugalagrande_lvl2',128,1),
(9128,'Burítica_lvl2',129,1),
(9129,'Busbanza_lvl2',130,1),
(9130,'Cabrera_lvl2',131,1),
(9131,'Cabrera_lvl2',132,1),
(9132,'Cabuyaro_lvl2',133,1),
(9133,'Cachipay_lvl2',134,1),
(9134,'Caicedo_lvl2',135,1),
(9135,'Caicedonia_lvl2',136,1),
(9136,'Caimito_lvl2',137,1),
(9137,'Cajamarca_lvl2',138,1),
(9138,'Cajibío_lvl2',139,1),
(9139,'Cajicá_lvl2',140,1),
(9140,'Calamar_lvl2',141,1),
(9141,'Calamar_lvl2',142,1),
(9142,'Calarcá_lvl2',143,1),
(9143,'Caldas_lvl2',144,1),
(9144,'Caldas_lvl2',145,1),
(9145,'Caldono_lvl2',146,1),
(9146,'California_lvl2',147,1),
(9147,'Calima Darién)_lvl2',148,1),
(9148,'Caloto_lvl2',149,1),
(9149,'Campamento_lvl2',151,1),
(9150,'Campo de la Cruz_lvl2',152,1),
(9151,'Campoalegre_lvl2',153,1),
(9152,'Campohermoso_lvl2',154,1),
(9153,'Canalete_lvl2',155,1),
(9154,'Candelaria_lvl2',156,1),
(9155,'Candelaria_lvl2',157,1),
(9156,'Cantagallo_lvl2',158,1),
(9157,'Cantón de San Pablo_lvl2',159,1),
(9158,'Caparrapí_lvl2',160,1),
(9159,'Capitanejo_lvl2',161,1),
(9160,'Caracolí_lvl2',162,1),
(9161,'Caramanta_lvl2',163,1),
(9162,'Carcasí_lvl2',164,1),
(9163,'Carepa_lvl2',165,1),
(9164,'Carmen de Apicalá_lvl2',166,1),
(9165,'Carmen de Carupa_lvl2',167,1),
(9166,'Carmen de Viboral_lvl2',168,1),
(9167,'Carmen del Darién CURBARADÓ)_lvl2',169,1),
(9168,'Carolina_lvl2',170,1),
(9169,'Cartagena_lvl2',171,1),
(9170,'Cartagena del Chairá_lvl2',172,1),
(9171,'Cartago_lvl2',173,1),
(9172,'Carurú_lvl2',174,1),
(9173,'Casabianca_lvl2',175,1),
(9174,'Castilla la Nueva_lvl2',176,1),
(9175,'Caucasia_lvl2',177,1),
(9176,'Cañasgordas_lvl2',178,1),
(9177,'Cepita_lvl2',179,1),
(9178,'Cereté_lvl2',180,1),
(9179,'Cerinza_lvl2',181,1),
(9180,'Cerrito_lvl2',182,1),
(9181,'Cerro San Antonio_lvl2',183,1),
(9182,'Chachaguí_lvl2',184,1),
(9183,'Chaguaní_lvl2',185,1),
(9184,'Chalán_lvl2',186,1),
(9185,'Chaparral_lvl2',187,1),
(9186,'Charalá_lvl2',188,1),
(9187,'Charta_lvl2',189,1),
(9188,'Chigorodó_lvl2',190,1),
(9189,'Chima_lvl2',191,1),
(9190,'Chimichagua_lvl2',192,1),
(9191,'Chimá_lvl2',193,1),
(9192,'Chinavita_lvl2',194,1),
(9193,'Chinchiná_lvl2',195,1),
(9194,'Chinácota_lvl2',196,1),
(9195,'Chinú_lvl2',197,1),
(9196,'Chipaque_lvl2',198,1),
(9197,'Chipatá_lvl2',199,1),
(9198,'Chiquinquirá_lvl2',200,1),
(9199,'Chiriguaná_lvl2',201,1),
(9200,'Chiscas_lvl2',202,1),
(9201,'Chita_lvl2',203,1),
(9202,'Chitagá_lvl2',204,1),
(9203,'Chitaraque_lvl2',205,1),
(9204,'Chivatá_lvl2',206,1),
(9205,'Chivolo_lvl2',207,1),
(9206,'Choachí_lvl2',208,1),
(9207,'Chocontá_lvl2',209,1),
(9208,'Chámeza_lvl2',210,1),
(9209,'Chía_lvl2',211,1),
(9210,'Chíquiza_lvl2',212,1),
(9211,'Chívor_lvl2',213,1),
(9212,'Cicuco_lvl2',214,1),
(9213,'Cimitarra_lvl2',215,1),
(9214,'Circasia_lvl2',216,1),
(9215,'Cisneros_lvl2',217,1),
(9216,'Ciénaga_lvl2',218,1),
(9217,'Ciénaga_lvl2',219,1),
(9218,'Ciénaga de Oro_lvl2',220,1),
(9219,'Clemencia_lvl2',221,1),
(9220,'Cocorná_lvl2',222,1),
(9221,'Coello_lvl2',223,1),
(9222,'Cogua_lvl2',224,1),
(9223,'Colombia_lvl2',225,1),
(9224,'Colosó Ricaurte)_lvl2',226,1),
(9225,'Colón_lvl2',227,1),
(9226,'Colón Génova)_lvl2',228,1),
(9227,'Concepción_lvl2',229,1),
(9228,'Concepción_lvl2',230,1),
(9229,'Concordia_lvl2',231,1),
(9230,'Concordia_lvl2',232,1),
(9231,'Condoto_lvl2',233,1),
(9232,'Confines_lvl2',234,1),
(9233,'Consaca_lvl2',235,1),
(9234,'Contadero_lvl2',236,1),
(9235,'Contratación_lvl2',237,1),
(9236,'Convención_lvl2',238,1),
(9237,'Copacabana_lvl2',239,1),
(9238,'Coper_lvl2',240,1),
(9239,'Cordobá_lvl2',241,1),
(9240,'Corinto_lvl2',242,1),
(9241,'Coromoro_lvl2',243,1),
(9242,'Corozal_lvl2',244,1),
(9243,'Corrales_lvl2',245,1),
(9244,'Cota_lvl2',246,1),
(9245,'Cotorra_lvl2',247,1),
(9246,'Covarachía_lvl2',248,1),
(9247,'Coveñas_lvl2',249,1),
(9248,'Coyaima_lvl2',250,1),
(9249,'Cravo Norte_lvl2',251,1),
(9250,'Cuaspud Carlosama)_lvl2',252,1),
(9251,'Cubarral_lvl2',253,1),
(9252,'Cubará_lvl2',254,1),
(9253,'Cucaita_lvl2',255,1),
(9254,'Cucunubá_lvl2',256,1),
(9255,'Cucutilla_lvl2',257,1),
(9256,'Cuitiva_lvl2',258,1),
(9257,'Cumaral_lvl2',259,1),
(9258,'Cumaribo_lvl2',260,1),
(9259,'Cumbal_lvl2',261,1),
(9260,'Cumbitara_lvl2',262,1),
(9261,'Cunday_lvl2',263,1),
(9262,'Curillo_lvl2',264,1),
(9263,'Curití_lvl2',265,1),
(9264,'Curumaní_lvl2',266,1),
(9265,'Cáceres_lvl2',267,1),
(9266,'Cáchira_lvl2',268,1),
(9267,'Cácota_lvl2',269,1),
(9268,'Cáqueza_lvl2',270,1),
(9269,'Cértegui_lvl2',271,1),
(9270,'Cómbita_lvl2',272,1),
(9271,'Córdoba_lvl2',273,1),
(9272,'Córdoba_lvl2',274,1),
(9273,'Cúcuta_lvl2',275,1),
(9274,'Dabeiba_lvl2',276,1),
(9275,'Dagua_lvl2',277,1),
(9276,'Dibulla_lvl2',278,1),
(9277,'Distracción_lvl2',279,1),
(9278,'Dolores_lvl2',280,1),
(9279,'Don Matías_lvl2',281,1),
(9280,'Dos Quebradas_lvl2',282,1),
(9281,'Duitama_lvl2',283,1),
(9282,'Durania_lvl2',284,1),
(9283,'Ebéjico_lvl2',285,1),
(9284,'El Bagre_lvl2',286,1),
(9285,'El Banco_lvl2',287,1),
(9286,'El Cairo_lvl2',288,1),
(9287,'El Calvario_lvl2',289,1),
(9288,'El Carmen_lvl2',290,1),
(9289,'El Carmen_lvl2',291,1),
(9290,'El Carmen de Atrato_lvl2',292,1),
(9291,'El Carmen de Bolívar_lvl2',293,1),
(9292,'El Castillo_lvl2',294,1),
(9293,'El Cerrito_lvl2',295,1),
(9294,'El Charco_lvl2',296,1),
(9295,'El Cocuy_lvl2',297,1),
(9296,'El Colegio_lvl2',298,1),
(9297,'El Copey_lvl2',299,1),
(9298,'El Doncello_lvl2',300,1),
(9299,'El Dorado_lvl2',301,1),
(9300,'El Dovio_lvl2',302,1),
(9301,'El Espino_lvl2',303,1),
(9302,'El Guacamayo_lvl2',304,1),
(9303,'El Guamo_lvl2',305,1),
(9304,'El Molino_lvl2',306,1),
(9305,'El Paso_lvl2',307,1),
(9306,'El Paujil_lvl2',308,1),
(9307,'El Peñol_lvl2',309,1),
(9308,'El Peñon_lvl2',310,1),
(9309,'El Peñon_lvl2',311,1),
(9310,'El Peñón_lvl2',312,1),
(9311,'El Piñon_lvl2',313,1),
(9312,'El Playón_lvl2',314,1),
(9313,'El Retorno_lvl2',315,1),
(9314,'El Retén_lvl2',316,1),
(9315,'El Roble_lvl2',317,1),
(9316,'El Rosal_lvl2',318,1),
(9317,'El Rosario_lvl2',319,1),
(9318,'El Tablón de Gómez_lvl2',320,1),
(9319,'El Tambo_lvl2',321,1),
(9320,'El Tambo_lvl2',322,1),
(9321,'El Tarra_lvl2',323,1),
(9322,'El Zulia_lvl2',324,1),
(9323,'El Águila_lvl2',325,1),
(9324,'Elías_lvl2',326,1),
(9325,'Encino_lvl2',327,1),
(9326,'Enciso_lvl2',328,1),
(9327,'Entrerríos_lvl2',329,1),
(9328,'Envigado_lvl2',330,1),
(9329,'Espinal_lvl2',331,1),
(9330,'Facatativá_lvl2',332,1),
(9331,'Falan_lvl2',333,1),
(9332,'Filadelfia_lvl2',334,1),
(9333,'Filandia_lvl2',335,1),
(9334,'Firavitoba_lvl2',336,1),
(9335,'Flandes_lvl2',337,1),
(9336,'Florencia_lvl2',338,1),
(9337,'Florencia_lvl2',339,1),
(9338,'Floresta_lvl2',340,1),
(9339,'Florida_lvl2',341,1),
(9340,'Floridablanca_lvl2',342,1),
(9341,'Florián_lvl2',343,1),
(9342,'Fonseca_lvl2',344,1),
(9343,'Fortúl_lvl2',345,1),
(9344,'Fosca_lvl2',346,1),
(9345,'Francisco Pizarro_lvl2',347,1),
(9346,'Fredonia_lvl2',348,1),
(9347,'Fresno_lvl2',349,1),
(9348,'Frontino_lvl2',350,1),
(9349,'Fuente de Oro_lvl2',351,1),
(9350,'Fundación_lvl2',352,1),
(9351,'Funes_lvl2',353,1),
(9352,'Funza_lvl2',354,1),
(9353,'Fusagasugá_lvl2',355,1),
(9354,'Fómeque_lvl2',356,1),
(9355,'Fúquene_lvl2',357,1),
(9356,'Gachalá_lvl2',358,1),
(9357,'Gachancipá_lvl2',359,1),
(9358,'Gachantivá_lvl2',360,1),
(9359,'Gachetá_lvl2',361,1),
(9360,'Galapa_lvl2',362,1),
(9361,'Galeras Nueva Granada)_lvl2',363,1),
(9362,'Galán_lvl2',364,1),
(9363,'Gama_lvl2',365,1),
(9364,'Gamarra_lvl2',366,1),
(9365,'Garagoa_lvl2',367,1),
(9366,'Garzón_lvl2',368,1),
(9367,'Gigante_lvl2',369,1),
(9368,'Ginebra_lvl2',370,1),
(9369,'Giraldo_lvl2',371,1),
(9370,'Girardot_lvl2',372,1),
(9371,'Girardota_lvl2',373,1),
(9372,'Girón_lvl2',374,1),
(9373,'Gonzalez_lvl2',375,1),
(9374,'Gramalote_lvl2',376,1),
(9375,'Granada_lvl2',377,1),
(9376,'Granada_lvl2',378,1),
(9377,'Granada_lvl2',379,1),
(9378,'Guaca_lvl2',380,1),
(9379,'Guacamayas_lvl2',381,1),
(9380,'Guacarí_lvl2',382,1),
(9381,'Guachavés_lvl2',383,1),
(9382,'Guachené_lvl2',384,1),
(9383,'Guachetá_lvl2',385,1),
(9384,'Guachucal_lvl2',386,1),
(9385,'Guadalupe_lvl2',387,1),
(9386,'Guadalupe_lvl2',388,1),
(9387,'Guadalupe_lvl2',389,1),
(9388,'Guaduas_lvl2',390,1),
(9389,'Guaitarilla_lvl2',391,1),
(9390,'Gualmatán_lvl2',392,1),
(9391,'Guamal_lvl2',393,1),
(9392,'Guamal_lvl2',394,1),
(9393,'Guamo_lvl2',395,1),
(9394,'Guapota_lvl2',396,1),
(9395,'Guapí_lvl2',397,1),
(9396,'Guaranda_lvl2',398,1),
(9397,'Guarne_lvl2',399,1),
(9398,'Guasca_lvl2',400,1),
(9399,'Guatapé_lvl2',401,1),
(9400,'Guataquí_lvl2',402,1),
(9401,'Guatavita_lvl2',403,1),
(9402,'Guateque_lvl2',404,1),
(9403,'Guavatá_lvl2',405,1),
(9404,'Guayabal de Siquima_lvl2',406,1),
(9405,'Guayabetal_lvl2',407,1),
(9406,'Guayatá_lvl2',408,1),
(9407,'Guepsa_lvl2',409,1),
(9408,'Guicán_lvl2',410,1),
(9409,'Gutiérrez_lvl2',411,1),
(9410,'Guática_lvl2',412,1),
(9411,'Gámbita_lvl2',413,1),
(9412,'Gámeza_lvl2',414,1),
(9413,'Génova_lvl2',415,1),
(9414,'Gómez Plata_lvl2',416,1),
(9415,'Hacarí_lvl2',417,1),
(9416,'Hatillo de Loba_lvl2',418,1),
(9417,'Hato_lvl2',419,1),
(9418,'Hato Corozal_lvl2',420,1),
(9419,'Hatonuevo_lvl2',421,1),
(9420,'Heliconia_lvl2',422,1),
(9421,'Herrán_lvl2',423,1),
(9422,'Herveo_lvl2',424,1),
(9423,'Hispania_lvl2',425,1),
(9424,'Hobo_lvl2',426,1),
(9425,'Honda_lvl2',427,1),
(9426,'Ibagué_lvl2',428,1),
(9427,'Icononzo_lvl2',429,1),
(9428,'Iles_lvl2',430,1),
(9429,'Imúes_lvl2',431,1),
(9430,'Inzá_lvl2',432,1),
(9431,'Inírida_lvl2',433,1),
(9432,'Ipiales_lvl2',434,1),
(9433,'Isnos_lvl2',435,1),
(9434,'Istmina_lvl2',436,1),
(9435,'Itagüí_lvl2',437,1),
(9436,'Ituango_lvl2',438,1),
(9437,'Izá_lvl2',439,1),
(9438,'Jambaló_lvl2',440,1),
(9439,'Jamundí_lvl2',441,1),
(9440,'Jardín_lvl2',442,1),
(9441,'Jenesano_lvl2',443,1),
(9442,'Jericó_lvl2',444,1),
(9443,'Jericó_lvl2',445,1),
(9444,'Jerusalén_lvl2',446,1),
(9445,'Jesús María_lvl2',447,1),
(9446,'Jordán_lvl2',448,1),
(9447,'Juan de Acosta_lvl2',449,1),
(9448,'Junín_lvl2',450,1),
(9449,'Juradó_lvl2',451,1),
(9450,'La Apartada y La Frontera_lvl2',452,1),
(9451,'La Argentina_lvl2',453,1),
(9452,'La Belleza_lvl2',454,1),
(9453,'La Calera_lvl2',455,1),
(9454,'La Capilla_lvl2',456,1),
(9455,'La Ceja_lvl2',457,1),
(9456,'La Celia_lvl2',458,1),
(9457,'La Cruz_lvl2',459,1),
(9458,'La Cumbre_lvl2',460,1),
(9459,'La Dorada_lvl2',461,1),
(9460,'La Esperanza_lvl2',462,1),
(9461,'La Estrella_lvl2',463,1),
(9462,'La Florida_lvl2',464,1),
(9463,'La Gloria_lvl2',465,1),
(9464,'La Jagua de Ibirico_lvl2',466,1),
(9465,'La Jagua del Pilar_lvl2',467,1),
(9466,'La Llanada_lvl2',468,1),
(9467,'La Macarena_lvl2',469,1),
(9468,'La Merced_lvl2',470,1),
(9469,'La Mesa_lvl2',471,1),
(9470,'La Montañita_lvl2',472,1),
(9471,'La Palma_lvl2',473,1),
(9472,'La Paz_lvl2',474,1),
(9473,'La Paz Robles)_lvl2',475,1),
(9474,'La Peña_lvl2',476,1),
(9475,'La Pintada_lvl2',477,1),
(9476,'La Plata_lvl2',478,1),
(9477,'La Playa_lvl2',479,1),
(9478,'La Primavera_lvl2',480,1),
(9479,'La Salina_lvl2',481,1),
(9480,'La Sierra_lvl2',482,1),
(9481,'La Tebaida_lvl2',483,1),
(9482,'La Tola_lvl2',484,1),
(9483,'La Unión_lvl2',485,1),
(9484,'La Unión_lvl2',486,1),
(9485,'La Unión_lvl2',487,1),
(9486,'La Unión_lvl2',488,1),
(9487,'La Uvita_lvl2',489,1),
(9488,'La Vega_lvl2',490,1),
(9489,'La Vega_lvl2',491,1),
(9490,'La Victoria_lvl2',492,1),
(9491,'La Victoria_lvl2',493,1),
(9492,'La Victoria_lvl2',494,1),
(9493,'La Virginia_lvl2',495,1),
(9494,'Labateca_lvl2',496,1),
(9495,'Labranzagrande_lvl2',497,1),
(9496,'Landázuri_lvl2',498,1),
(9497,'Lebrija_lvl2',499,1),
(9498,'Leiva_lvl2',500,1),
(9499,'Lejanías_lvl2',501,1),
(9500,'Lenguazaque_lvl2',502,1),
(9501,'Leticia_lvl2',503,1),
(9502,'Liborina_lvl2',504,1),
(9503,'Linares_lvl2',505,1),
(9504,'Lloró_lvl2',506,1),
(9505,'Lorica_lvl2',507,1),
(9506,'Los Córdobas_lvl2',508,1),
(9507,'Los Palmitos_lvl2',509,1),
(9508,'Los Patios_lvl2',510,1),
(9509,'Los Santos_lvl2',511,1),
(9510,'Lourdes_lvl2',512,1),
(9511,'Luruaco_lvl2',513,1),
(9512,'Lérida_lvl2',514,1),
(9513,'Líbano_lvl2',515,1),
(9514,'López Micay)_lvl2',516,1),
(9515,'Macanal_lvl2',517,1),
(9516,'Macaravita_lvl2',518,1),
(9517,'Maceo_lvl2',519,1),
(9518,'Machetá_lvl2',520,1),
(9519,'Madrid_lvl2',521,1),
(9520,'Magangué_lvl2',522,1),
(9521,'Magüi Payán)_lvl2',523,1),
(9522,'Mahates_lvl2',524,1),
(9523,'Maicao_lvl2',525,1),
(9524,'Majagual_lvl2',526,1),
(9525,'Malambo_lvl2',527,1),
(9526,'Mallama Piedrancha)_lvl2',528,1),
(9527,'Manatí_lvl2',529,1),
(9528,'Manaure_lvl2',530,1),
(9529,'Manaure Balcón del Cesar_lvl2',531,1),
(9530,'Manizales_lvl2',532,1),
(9531,'Manta_lvl2',533,1),
(9532,'Manzanares_lvl2',534,1),
(9533,'Maní_lvl2',535,1),
(9534,'Mapiripan_lvl2',536,1),
(9535,'Margarita_lvl2',537,1),
(9536,'Marinilla_lvl2',538,1),
(9537,'Maripí_lvl2',539,1),
(9538,'Mariquita_lvl2',540,1),
(9539,'Marmato_lvl2',541,1),
(9540,'Marquetalia_lvl2',542,1),
(9541,'Marsella_lvl2',543,1),
(9542,'Marulanda_lvl2',544,1),
(9543,'María la Baja_lvl2',545,1),
(9544,'Matanza_lvl2',546,1),
(9545,'Medellín_lvl2',547,1),
(9546,'Medina_lvl2',548,1),
(9547,'Medio Atrato_lvl2',549,1),
(9548,'Medio Baudó_lvl2',550,1),
(9549,'Medio San Juan ANDAGOYA)_lvl2',551,1),
(9550,'Melgar_lvl2',552,1),
(9551,'Mercaderes_lvl2',553,1),
(9552,'Mesetas_lvl2',554,1),
(9553,'Milán_lvl2',555,1),
(9554,'Miraflores_lvl2',556,1),
(9555,'Miraflores_lvl2',557,1),
(9556,'Miranda_lvl2',558,1),
(9557,'Mistrató_lvl2',559,1),
(9558,'Mitú_lvl2',560,1),
(9559,'Mocoa_lvl2',561,1),
(9560,'Mogotes_lvl2',562,1),
(9561,'Molagavita_lvl2',563,1),
(9562,'Momil_lvl2',564,1),
(9563,'Mompós_lvl2',565,1),
(9564,'Mongua_lvl2',566,1),
(9565,'Monguí_lvl2',567,1),
(9566,'Moniquirá_lvl2',568,1),
(9567,'Montebello_lvl2',569,1),
(9568,'Montecristo_lvl2',570,1),
(9569,'Montelíbano_lvl2',571,1),
(9570,'Montenegro_lvl2',572,1),
(9571,'Monteria_lvl2',573,1),
(9572,'Monterrey_lvl2',574,1),
(9573,'Morales_lvl2',575,1),
(9574,'Morales_lvl2',576,1),
(9575,'Morelia_lvl2',577,1),
(9576,'Morroa_lvl2',578,1),
(9577,'Mosquera_lvl2',579,1),
(9578,'Mosquera_lvl2',580,1),
(9579,'Motavita_lvl2',581,1),
(9580,'Moñitos_lvl2',582,1),
(9581,'Murillo_lvl2',583,1),
(9582,'Murindó_lvl2',584,1),
(9583,'Mutatá_lvl2',585,1),
(9584,'Mutiscua_lvl2',586,1),
(9585,'Muzo_lvl2',587,1),
(9586,'Málaga_lvl2',588,1),
(9587,'Nariño_lvl2',589,1),
(9588,'Nariño_lvl2',590,1),
(9589,'Nariño_lvl2',591,1),
(9590,'Natagaima_lvl2',592,1),
(9591,'Nechí_lvl2',593,1),
(9592,'Necoclí_lvl2',594,1),
(9593,'Neira_lvl2',595,1),
(9594,'Neiva_lvl2',596,1),
(9595,'Nemocón_lvl2',597,1),
(9596,'Nilo_lvl2',598,1),
(9597,'Nimaima_lvl2',599,1),
(9598,'Nobsa_lvl2',600,1),
(9599,'Nocaima_lvl2',601,1),
(9600,'Norcasia_lvl2',602,1),
(9601,'Norosí_lvl2',603,1),
(9602,'Novita_lvl2',604,1),
(9603,'Nueva Granada_lvl2',605,1),
(9604,'Nuevo Colón_lvl2',606,1),
(9605,'Nunchía_lvl2',607,1),
(9606,'Nuquí_lvl2',608,1),
(9607,'Nátaga_lvl2',609,1),
(9608,'Obando_lvl2',610,1),
(9609,'Ocamonte_lvl2',611,1),
(9610,'Ocaña_lvl2',612,1),
(9611,'Oiba_lvl2',613,1),
(9612,'Oicatá_lvl2',614,1),
(9613,'Olaya_lvl2',615,1),
(9614,'Olaya Herrera_lvl2',616,1),
(9615,'Onzaga_lvl2',617,1),
(9616,'Oporapa_lvl2',618,1),
(9617,'Orito_lvl2',619,1),
(9618,'Orocué_lvl2',620,1),
(9619,'Ortega_lvl2',621,1),
(9620,'Ospina_lvl2',622,1),
(9621,'Otanche_lvl2',623,1),
(9622,'Ovejas_lvl2',624,1),
(9623,'Pachavita_lvl2',625,1),
(9624,'Pacho_lvl2',626,1),
(9625,'Padilla_lvl2',627,1),
(9626,'Paicol_lvl2',628,1),
(9627,'Pailitas_lvl2',629,1),
(9628,'Paime_lvl2',630,1),
(9629,'Paipa_lvl2',631,1),
(9630,'Pajarito_lvl2',632,1),
(9631,'Palermo_lvl2',633,1),
(9632,'Palestina_lvl2',634,1),
(9633,'Palestina_lvl2',635,1),
(9634,'Palmar_lvl2',636,1),
(9635,'Palmar de Varela_lvl2',637,1),
(9636,'Palmas del Socorro_lvl2',638,1),
(9637,'Palmira_lvl2',639,1),
(9638,'Palmito_lvl2',640,1),
(9639,'Palocabildo_lvl2',641,1),
(9640,'Pamplona_lvl2',642,1),
(9641,'Pamplonita_lvl2',643,1),
(9642,'Pandi_lvl2',644,1),
(9643,'Panqueba_lvl2',645,1),
(9644,'Paratebueno_lvl2',646,1),
(9645,'Pasca_lvl2',647,1),
(9646,'Patía El Bordo)_lvl2',648,1),
(9647,'Pauna_lvl2',649,1),
(9648,'Paya_lvl2',650,1),
(9649,'Paz de Ariporo_lvl2',651,1),
(9650,'Paz de Río_lvl2',652,1),
(9651,'Pedraza_lvl2',653,1),
(9652,'Pelaya_lvl2',654,1),
(9653,'Pensilvania_lvl2',655,1),
(9654,'Peque_lvl2',656,1),
(9655,'Pereira_lvl2',657,1),
(9656,'Pesca_lvl2',658,1),
(9657,'Peñol_lvl2',659,1),
(9658,'Piamonte_lvl2',660,1),
(9659,'Pie de Cuesta_lvl2',661,1),
(9660,'Piedras_lvl2',662,1),
(9661,'Piendamó_lvl2',663,1),
(9662,'Pijao_lvl2',664,1),
(9663,'Pijiño_lvl2',665,1),
(9664,'Pinchote_lvl2',666,1),
(9665,'Pinillos_lvl2',667,1),
(9666,'Piojo_lvl2',668,1),
(9667,'Pisva_lvl2',669,1),
(9668,'Pital_lvl2',670,1),
(9669,'Pitalito_lvl2',671,1),
(9670,'Pivijay_lvl2',672,1),
(9671,'Planadas_lvl2',673,1),
(9672,'Planeta Rica_lvl2',674,1),
(9673,'Plato_lvl2',675,1),
(9674,'Policarpa_lvl2',676,1),
(9675,'Polonuevo_lvl2',677,1),
(9676,'Ponedera_lvl2',678,1),
(9677,'Popayán_lvl2',679,1),
(9678,'Pore_lvl2',680,1),
(9679,'Potosí_lvl2',681,1),
(9680,'Pradera_lvl2',682,1),
(9681,'Prado_lvl2',683,1),
(9682,'Providencia_lvl2',684,1),
(9683,'Providencia_lvl2',685,1),
(9684,'Pueblo Bello_lvl2',686,1),
(9685,'Pueblo Nuevo_lvl2',687,1),
(9686,'Pueblo Rico_lvl2',688,1),
(9687,'Pueblorrico_lvl2',689,1),
(9688,'Puebloviejo_lvl2',690,1),
(9689,'Puente Nacional_lvl2',691,1),
(9690,'Puerres_lvl2',692,1),
(9691,'Puerto Asís_lvl2',693,1),
(9692,'Puerto Berrío_lvl2',694,1),
(9693,'Puerto Boyacá_lvl2',695,1),
(9694,'Puerto Caicedo_lvl2',696,1),
(9695,'Puerto Carreño_lvl2',697,1),
(9696,'Puerto Colombia_lvl2',698,1),
(9697,'Puerto Concordia_lvl2',699,1),
(9698,'Puerto Escondido_lvl2',700,1),
(9699,'Puerto Gaitán_lvl2',701,1),
(9700,'Puerto Guzmán_lvl2',702,1),
(9701,'Puerto Leguízamo_lvl2',703,1),
(9702,'Puerto Libertador_lvl2',704,1),
(9703,'Puerto Lleras_lvl2',705,1),
(9704,'Puerto López_lvl2',706,1),
(9705,'Puerto Nare_lvl2',707,1),
(9706,'Puerto Nariño_lvl2',708,1),
(9707,'Puerto Parra_lvl2',709,1),
(9708,'Puerto Rico_lvl2',710,1),
(9709,'Puerto Rico_lvl2',711,1),
(9710,'Puerto Rondón_lvl2',712,1),
(9711,'Puerto Salgar_lvl2',713,1),
(9712,'Puerto Santander_lvl2',714,1),
(9713,'Puerto Tejada_lvl2',715,1),
(9714,'Puerto Triunfo_lvl2',716,1),
(9715,'Puerto Wilches_lvl2',717,1),
(9716,'Pulí_lvl2',718,1),
(9717,'Pupiales_lvl2',719,1),
(9718,'Puracé Coconuco)_lvl2',720,1),
(9719,'Purificación_lvl2',721,1),
(9720,'Purísima_lvl2',722,1),
(9721,'Pácora_lvl2',723,1),
(9722,'Páez_lvl2',724,1),
(9723,'Páez Belalcazar)_lvl2',725,1),
(9724,'Páramo_lvl2',726,1),
(9725,'Quebradanegra_lvl2',727,1),
(9726,'Quetame_lvl2',728,1),
(9727,'Quibdó_lvl2',729,1),
(9728,'Quimbaya_lvl2',730,1),
(9729,'Quinchía_lvl2',731,1),
(9730,'Quipama_lvl2',732,1),
(9731,'Quipile_lvl2',733,1),
(9732,'Ragonvalia_lvl2',734,1),
(9733,'Ramiriquí_lvl2',735,1),
(9734,'Recetor_lvl2',736,1),
(9735,'Regidor_lvl2',737,1),
(9736,'Remedios_lvl2',738,1),
(9737,'Remolino_lvl2',739,1),
(9738,'Repelón_lvl2',740,1),
(9739,'Restrepo_lvl2',741,1),
(9740,'Restrepo_lvl2',742,1),
(9741,'Retiro_lvl2',743,1),
(9742,'Ricaurte_lvl2',744,1),
(9743,'Ricaurte_lvl2',745,1),
(9744,'Rio Negro_lvl2',746,1),
(9745,'Rioblanco_lvl2',747,1),
(9746,'Riofrío_lvl2',748,1),
(9747,'Riohacha_lvl2',749,1),
(9748,'Risaralda_lvl2',750,1),
(9749,'Rivera_lvl2',751,1),
(9750,'Roberto Payán San José)_lvl2',752,1),
(9751,'Roldanillo_lvl2',753,1),
(9752,'Roncesvalles_lvl2',754,1),
(9753,'Rondón_lvl2',755,1),
(9754,'Rosas_lvl2',756,1),
(9755,'Rovira_lvl2',757,1),
(9756,'Ráquira_lvl2',758,1),
(9757,'Río Iró_lvl2',759,1),
(9758,'Río Quito_lvl2',760,1),
(9759,'Río Sucio_lvl2',761,1),
(9760,'Río Viejo_lvl2',762,1),
(9761,'Río de oro_lvl2',763,1),
(9762,'Ríonegro_lvl2',764,1),
(9763,'Ríosucio_lvl2',765,1),
(9764,'Sabana de Torres_lvl2',766,1),
(9765,'Sabanagrande_lvl2',767,1),
(9766,'Sabanalarga_lvl2',768,1),
(9767,'Sabanalarga_lvl2',769,1),
(9768,'Sabanalarga_lvl2',770,1),
(9769,'Sabanas de San Angel SAN ANGEL)_lvl2',771,1),
(9770,'Sabaneta_lvl2',772,1),
(9771,'Saboyá_lvl2',773,1),
(9772,'Sahagún_lvl2',774,1),
(9773,'Saladoblanco_lvl2',775,1),
(9774,'Salamina_lvl2',776,1),
(9775,'Salamina_lvl2',777,1),
(9776,'Salazar_lvl2',778,1),
(9777,'Saldaña_lvl2',779,1),
(9778,'Salento_lvl2',780,1),
(9779,'Salgar_lvl2',781,1),
(9780,'Samacá_lvl2',782,1),
(9781,'Samaniego_lvl2',783,1),
(9782,'Samaná_lvl2',784,1),
(9783,'Sampués_lvl2',785,1),
(9784,'San Agustín_lvl2',786,1),
(9785,'San Alberto_lvl2',787,1),
(9786,'San Andrés_lvl2',788,1),
(9787,'San Andrés Sotavento_lvl2',789,1),
(9788,'San Andrés de Cuerquía_lvl2',790,1),
(9789,'San Antero_lvl2',791,1),
(9790,'San Antonio_lvl2',792,1),
(9791,'San Antonio de Tequendama_lvl2',793,1),
(9792,'San Benito_lvl2',794,1),
(9793,'San Benito Abad_lvl2',795,1),
(9794,'San Bernardo_lvl2',796,1),
(9795,'San Bernardo_lvl2',797,1),
(9796,'San Bernardo del Viento_lvl2',798,1),
(9797,'San Calixto_lvl2',799,1),
(9798,'San Carlos_lvl2',800,1),
(9799,'San Carlos_lvl2',801,1),
(9800,'San Carlos de Guaroa_lvl2',802,1),
(9801,'San Cayetano_lvl2',803,1),
(9802,'San Cayetano_lvl2',804,1),
(9803,'San Cristobal_lvl2',805,1),
(9804,'San Diego_lvl2',806,1),
(9805,'San Eduardo_lvl2',807,1),
(9806,'San Estanislao_lvl2',808,1),
(9807,'San Fernando_lvl2',809,1),
(9808,'San Francisco_lvl2',810,1),
(9809,'San Francisco_lvl2',811,1),
(9810,'San Francisco_lvl2',812,1),
(9811,'San Gíl_lvl2',813,1),
(9812,'San Jacinto_lvl2',814,1),
(9813,'San Jacinto del Cauca_lvl2',815,1),
(9814,'San Jerónimo_lvl2',816,1),
(9815,'San Joaquín_lvl2',817,1),
(9816,'San José_lvl2',818,1),
(9817,'San José de Miranda_lvl2',819,1),
(9818,'San José de Montaña_lvl2',820,1),
(9819,'San José de Pare_lvl2',821,1),
(9820,'San José de Uré_lvl2',822,1),
(9821,'San José del Fragua_lvl2',823,1),
(9822,'San José del Guaviare_lvl2',824,1),
(9823,'San José del Palmar_lvl2',825,1),
(9824,'San Juan de Arama_lvl2',826,1),
(9825,'San Juan de Betulia_lvl2',827,1),
(9826,'San Juan de Nepomuceno_lvl2',828,1),
(9827,'San Juan de Pasto_lvl2',829,1),
(9828,'San Juan de Río Seco_lvl2',830,1),
(9829,'San Juan de Urabá_lvl2',831,1),
(9830,'San Juan del Cesar_lvl2',832,1),
(9831,'San Juanito_lvl2',833,1),
(9832,'San Lorenzo_lvl2',834,1),
(9833,'San Luis_lvl2',835,1),
(9834,'San Luís_lvl2',836,1),
(9835,'San Luís de Gaceno_lvl2',837,1),
(9836,'San Luís de Palenque_lvl2',838,1),
(9837,'San Marcos_lvl2',839,1),
(9838,'San Martín_lvl2',840,1),
(9839,'San Martín_lvl2',841,1),
(9840,'San Martín de Loba_lvl2',842,1),
(9841,'San Mateo_lvl2',843,1),
(9842,'San Miguel_lvl2',844,1),
(9843,'San Miguel_lvl2',845,1),
(9844,'San Miguel de Sema_lvl2',846,1),
(9845,'San Onofre_lvl2',847,1),
(9846,'San Pablo_lvl2',848,1),
(9847,'San Pablo_lvl2',849,1),
(9848,'San Pablo de Borbur_lvl2',850,1),
(9849,'San Pedro_lvl2',851,1),
(9850,'San Pedro_lvl2',852,1),
(9851,'San Pedro_lvl2',853,1),
(9852,'San Pedro de Cartago_lvl2',854,1),
(9853,'San Pedro de Urabá_lvl2',855,1),
(9854,'San Pelayo_lvl2',856,1),
(9855,'San Rafael_lvl2',857,1),
(9856,'San Roque_lvl2',858,1),
(9857,'San Sebastián_lvl2',859,1),
(9858,'San Sebastián de Buenavista_lvl2',860,1),
(9859,'San Vicente_lvl2',861,1),
(9860,'San Vicente del Caguán_lvl2',862,1),
(9861,'San Vicente del Chucurí_lvl2',863,1),
(9862,'San Zenón_lvl2',864,1),
(9863,'Sandoná_lvl2',865,1),
(9864,'Santa Ana_lvl2',866,1),
(9865,'Santa Bárbara_lvl2',867,1),
(9866,'Santa Bárbara_lvl2',868,1),
(9867,'Santa Bárbara Iscuandé)_lvl2',869,1),
(9868,'Santa Bárbara de Pinto_lvl2',870,1),
(9869,'Santa Catalina_lvl2',871,1),
(9870,'Santa Fé de Antioquia_lvl2',872,1),
(9871,'Santa Genoveva de Docorodó_lvl2',873,1),
(9872,'Santa Helena del Opón_lvl2',874,1),
(9873,'Santa Isabel_lvl2',875,1),
(9874,'Santa Lucía_lvl2',876,1),
(9875,'Santa Marta_lvl2',877,1),
(9876,'Santa María_lvl2',878,1),
(9877,'Santa María_lvl2',879,1),
(9878,'Santa Rosa_lvl2',880,1),
(9879,'Santa Rosa_lvl2',881,1),
(9880,'Santa Rosa de Cabal_lvl2',882,1),
(9881,'Santa Rosa de Osos_lvl2',883,1),
(9882,'Santa Rosa de Viterbo_lvl2',884,1),
(9883,'Santa Rosa del Sur_lvl2',885,1),
(9884,'Santa Rosalía_lvl2',886,1),
(9885,'Santa Sofía_lvl2',887,1),
(9886,'Santana_lvl2',888,1),
(9887,'Santander de Quilichao_lvl2',889,1),
(9888,'Santiago_lvl2',890,1),
(9889,'Santiago_lvl2',891,1),
(9890,'Santo Domingo_lvl2',892,1),
(9891,'Santo Tomás_lvl2',893,1),
(9892,'Santuario_lvl2',894,1),
(9893,'Santuario_lvl2',895,1),
(9894,'Sapuyes_lvl2',896,1),
(9895,'Saravena_lvl2',897,1),
(9896,'Sardinata_lvl2',898,1),
(9897,'Sasaima_lvl2',899,1),
(9898,'Sativanorte_lvl2',900,1),
(9899,'Sativasur_lvl2',901,1),
(9900,'Segovia_lvl2',902,1),
(9901,'Sesquilé_lvl2',903,1),
(9902,'Sevilla_lvl2',904,1),
(9903,'Siachoque_lvl2',905,1),
(9904,'Sibaté_lvl2',906,1),
(9905,'Sibundoy_lvl2',907,1),
(9906,'Silos_lvl2',908,1),
(9907,'Silvania_lvl2',909,1),
(9908,'Silvia_lvl2',910,1),
(9909,'Simacota_lvl2',911,1),
(9910,'Simijaca_lvl2',912,1),
(9911,'Simití_lvl2',913,1),
(9912,'Sincelejo_lvl2',914,1),
(9913,'Sincé_lvl2',915,1),
(9914,'Sipí_lvl2',916,1),
(9915,'Sitionuevo_lvl2',917,1),
(9916,'Soacha_lvl2',918,1),
(9917,'Soatá_lvl2',919,1),
(9918,'Socha_lvl2',920,1),
(9919,'Socorro_lvl2',921,1),
(9920,'Socotá_lvl2',922,1),
(9921,'Sogamoso_lvl2',923,1),
(9922,'Solano_lvl2',924,1),
(9923,'Soledad_lvl2',925,1),
(9924,'Solita_lvl2',926,1),
(9925,'Somondoco_lvl2',927,1),
(9926,'Sonsón_lvl2',928,1),
(9927,'Sopetrán_lvl2',929,1),
(9928,'Soplaviento_lvl2',930,1),
(9929,'Sopó_lvl2',931,1),
(9930,'Sora_lvl2',932,1),
(9931,'Soracá_lvl2',933,1),
(9932,'Sotaquirá_lvl2',934,1),
(9933,'Sotara Paispamba)_lvl2',935,1),
(9934,'Sotomayor Los Andes)_lvl2',936,1),
(9935,'Suaita_lvl2',937,1),
(9936,'Suan_lvl2',938,1),
(9937,'Suaza_lvl2',939,1),
(9938,'Subachoque_lvl2',940,1),
(9939,'Sucre_lvl2',941,1),
(9940,'Sucre_lvl2',942,1),
(9941,'Sucre_lvl2',943,1),
(9942,'Suesca_lvl2',944,1),
(9943,'Supatá_lvl2',945,1),
(9944,'Supía_lvl2',946,1),
(9945,'Suratá_lvl2',947,1),
(9946,'Susa_lvl2',948,1),
(9947,'Susacón_lvl2',949,1),
(9948,'Sutamarchán_lvl2',950,1),
(9949,'Sutatausa_lvl2',951,1),
(9950,'Sutatenza_lvl2',952,1),
(9951,'Suárez_lvl2',953,1),
(9952,'Suárez_lvl2',954,1),
(9953,'Sácama_lvl2',955,1),
(9954,'Sáchica_lvl2',956,1),
(9955,'Tabio_lvl2',957,1),
(9956,'Tadó_lvl2',958,1),
(9957,'Talaigua Nuevo_lvl2',959,1),
(9958,'Tamalameque_lvl2',960,1),
(9959,'Tame_lvl2',961,1),
(9960,'Taminango_lvl2',962,1),
(9961,'Tangua_lvl2',963,1),
(9962,'Taraira_lvl2',964,1),
(9963,'Tarazá_lvl2',965,1),
(9964,'Tarqui_lvl2',966,1),
(9965,'Tarso_lvl2',967,1),
(9966,'Tasco_lvl2',968,1),
(9967,'Tauramena_lvl2',969,1),
(9968,'Tausa_lvl2',970,1),
(9969,'Tello_lvl2',971,1),
(9970,'Tena_lvl2',972,1),
(9971,'Tenerife_lvl2',973,1),
(9972,'Tenjo_lvl2',974,1),
(9973,'Tenza_lvl2',975,1),
(9974,'Teorama_lvl2',976,1),
(9975,'Teruel_lvl2',977,1),
(9976,'Tesalia_lvl2',978,1),
(9977,'Tibacuy_lvl2',979,1),
(9978,'Tibaná_lvl2',980,1),
(9979,'Tibasosa_lvl2',981,1),
(9980,'Tibirita_lvl2',982,1),
(9981,'Tibú_lvl2',983,1),
(9982,'Tierralta_lvl2',984,1),
(9983,'Timaná_lvl2',985,1),
(9984,'Timbiquí_lvl2',986,1),
(9985,'Timbío_lvl2',987,1),
(9986,'Tinjacá_lvl2',988,1),
(9987,'Tipacoque_lvl2',989,1),
(9988,'Tiquisio Puerto Rico)_lvl2',990,1),
(9989,'Titiribí_lvl2',991,1),
(9990,'Toca_lvl2',992,1),
(9991,'Tocaima_lvl2',993,1),
(9992,'Tocancipá_lvl2',994,1),
(9993,'Toguí_lvl2',995,1),
(9994,'Toledo_lvl2',996,1),
(9995,'Toledo_lvl2',997,1),
(9996,'Tolú_lvl2',998,1),
(9997,'Tolú Viejo_lvl2',999,1),
(9998,'Tona_lvl2',1000,1),
(9999,'Topagá_lvl2',1001,1),
(10000,'Topaipí_lvl2',1002,1),
(10001,'Toribío_lvl2',1003,1),
(10002,'Toro_lvl2',1004,1),
(10003,'Tota_lvl2',1005,1),
(10004,'Totoró_lvl2',1006,1),
(10005,'Trinidad_lvl2',1007,1),
(10006,'Trujillo_lvl2',1008,1),
(10007,'Tubará_lvl2',1009,1),
(10008,'Tuchín_lvl2',1010,1),
(10009,'Tulúa_lvl2',1011,1),
(10010,'Tumaco_lvl2',1012,1),
(10011,'Tunja_lvl2',1013,1),
(10012,'Tunungua_lvl2',1014,1),
(10013,'Turbaco_lvl2',1015,1),
(10014,'Turbaná_lvl2',1016,1),
(10015,'Turbo_lvl2',1017,1),
(10016,'Turmequé_lvl2',1018,1),
(10017,'Tuta_lvl2',1019,1),
(10018,'Tutasá_lvl2',1020,1),
(10019,'Támara_lvl2',1021,1),
(10020,'Támesis_lvl2',1022,1),
(10021,'Túquerres_lvl2',1023,1),
(10022,'Ubalá_lvl2',1024,1),
(10023,'Ubaque_lvl2',1025,1),
(10024,'Ubaté_lvl2',1026,1),
(10025,'Ulloa_lvl2',1027,1),
(10026,'Une_lvl2',1028,1),
(10027,'Unguía_lvl2',1029,1),
(10028,'Unión Panamericana ÁNIMAS)_lvl2',1030,1),
(10029,'Uramita_lvl2',1031,1),
(10030,'Uribe_lvl2',1032,1),
(10031,'Uribia_lvl2',1033,1),
(10032,'Urrao_lvl2',1034,1),
(10033,'Urumita_lvl2',1035,1),
(10034,'Usiacuri_lvl2',1036,1),
(10035,'Valdivia_lvl2',1037,1),
(10036,'Valencia_lvl2',1038,1),
(10037,'Valle de San José_lvl2',1039,1),
(10038,'Valle de San Juan_lvl2',1040,1),
(10039,'Valle del Guamuez_lvl2',1041,1),
(10040,'Valledupar_lvl2',1042,1),
(10041,'Valparaiso_lvl2',1043,1),
(10042,'Valparaiso_lvl2',1044,1),
(10043,'Vegachí_lvl2',1045,1),
(10044,'Venadillo_lvl2',1046,1),
(10045,'Venecia_lvl2',1047,1),
(10046,'Venecia Ospina Pérez)_lvl2',1048,1),
(10047,'Ventaquemada_lvl2',1049,1),
(10048,'Vergara_lvl2',1050,1),
(10049,'Versalles_lvl2',1051,1),
(10050,'Vetas_lvl2',1052,1),
(10051,'Viani_lvl2',1053,1),
(10052,'Vigía del Fuerte_lvl2',1054,1),
(10053,'Vijes_lvl2',1055,1),
(10054,'Villa Caro_lvl2',1056,1),
(10055,'Villa Rica_lvl2',1057,1),
(10056,'Villa de Leiva_lvl2',1058,1),
(10057,'Villa del Rosario_lvl2',1059,1),
(10058,'Villagarzón_lvl2',1060,1),
(10059,'Villagómez_lvl2',1061,1),
(10060,'Villahermosa_lvl2',1062,1),
(10061,'Villamaría_lvl2',1063,1),
(10062,'Villanueva_lvl2',1064,1),
(10063,'Villanueva_lvl2',1065,1),
(10064,'Villanueva_lvl2',1066,1),
(10065,'Villanueva_lvl2',1067,1),
(10066,'Villapinzón_lvl2',1068,1),
(10067,'Villarrica_lvl2',1069,1),
(10068,'Villavicencio_lvl2',1070,1),
(10069,'Villavieja_lvl2',1071,1),
(10070,'Villeta_lvl2',1072,1),
(10071,'Viotá_lvl2',1073,1),
(10072,'Viracachá_lvl2',1074,1),
(10073,'Vista Hermosa_lvl2',1075,1),
(10074,'Viterbo_lvl2',1076,1),
(10075,'Vélez_lvl2',1077,1),
(10076,'Yacopí_lvl2',1078,1),
(10077,'Yacuanquer_lvl2',1079,1),
(10078,'Yaguará_lvl2',1080,1),
(10079,'Yalí_lvl2',1081,1),
(10080,'Yarumal_lvl2',1082,1),
(10081,'Yolombó_lvl2',1083,1),
(10082,'Yondó Casabe)_lvl2',1084,1),
(10083,'Yopal_lvl2',1085,1),
(10084,'Yotoco_lvl2',1086,1),
(10085,'Yumbo_lvl2',1087,1),
(10086,'Zambrano_lvl2',1088,1),
(10087,'Zapatoca_lvl2',1089,1),
(10088,'Zapayán PUNTA DE PIEDRAS)_lvl2',1090,1),
(10089,'Zaragoza_lvl2',1091,1),
(10090,'Zarzal_lvl2',1092,1),
(10091,'Zetaquirá_lvl2',1093,1),
(10092,'Zipacón_lvl2',1094,1),
(10093,'Zipaquirá_lvl2',1095,1),
(10094,'Zona Bananera PRADO - SEVILLA)_lvl2',1096,1),
(10095,'Ábrego_lvl2',1097,1),
(10096,'Íquira_lvl2',1098,1),
(10097,'Úmbita_lvl2',1099,1),
(10098,'Útica_lvl2',1100,1);










---------------------------------------------------------------------------------------------------------------------------------------------------


--Barrios/Veredas_noCali

INSERT INTO opcapp_neighborhoodvereda(id, name, "comunaCorregimiento_id", zone_id)
VALUES
(9000,'Abriaquí_lvl3',9000,1),
(9001,'Acacías_lvl3',9001,1),
(9002,'Acandí_lvl3',9002,1),
(9003,'Acevedo_lvl3',9003,1),
(9004,'Achí_lvl3',9004,1),
(9005,'Agrado_lvl3',9005,1),
(9006,'Agua de Dios_lvl3',9006,1),
(9007,'Aguachica_lvl3',9007,1),
(9008,'Aguada_lvl3',9008,1),
(9009,'Aguadas_lvl3',9009,1),
(9010,'Aguazul_lvl3',9010,1),
(9011,'Agustín Codazzi_lvl3',9011,1),
(9012,'Aipe_lvl3',9012,1),
(9013,'Albania_lvl3',9013,1),
(9014,'Albania_lvl3',9014,1),
(9015,'Albania_lvl3',9015,1),
(9016,'Albán_lvl3',9016,1),
(9017,'Albán San José)_lvl3',9017,1),
(9018,'Alcalá_lvl3',9018,1),
(9019,'Alejandria_lvl3',9019,1),
(9020,'Algarrobo_lvl3',9020,1),
(9021,'Algeciras_lvl3',9021,1),
(9022,'Almaguer_lvl3',9022,1),
(9023,'Almeida_lvl3',9023,1),
(9024,'Alpujarra_lvl3',9024,1),
(9025,'Altamira_lvl3',9025,1),
(9026,'Alto Baudó Pie de Pato)_lvl3',9026,1),
(9027,'Altos del Rosario_lvl3',9027,1),
(9028,'Alvarado_lvl3',9028,1),
(9029,'Amagá_lvl3',9029,1),
(9030,'Amalfi_lvl3',9030,1),
(9031,'Ambalema_lvl3',9031,1),
(9032,'Anapoima_lvl3',9032,1),
(9033,'Ancuya_lvl3',9033,1),
(9034,'Andalucía_lvl3',9034,1),
(9035,'Andes_lvl3',9035,1),
(9036,'Angelópolis_lvl3',9036,1),
(9037,'Angostura_lvl3',9037,1),
(9038,'Anolaima_lvl3',9038,1),
(9039,'Anorí_lvl3',9039,1),
(9040,'Anserma_lvl3',9040,1),
(9041,'Ansermanuevo_lvl3',9041,1),
(9042,'Anzoátegui_lvl3',9042,1),
(9043,'Anzá_lvl3',9043,1),
(9044,'Apartadó_lvl3',9044,1),
(9045,'Apulo_lvl3',9045,1),
(9046,'Apía_lvl3',9046,1),
(9047,'Aquitania_lvl3',9047,1),
(9048,'Aracataca_lvl3',9048,1),
(9049,'Aranzazu_lvl3',9049,1),
(9050,'Aratoca_lvl3',9050,1),
(9051,'Arauca_lvl3',9051,1),
(9052,'Arauquita_lvl3',9052,1),
(9053,'Arbeláez_lvl3',9053,1),
(9054,'Arboleda Berruecos)_lvl3',9054,1),
(9055,'Arboledas_lvl3',9055,1),
(9056,'Arboletes_lvl3',9056,1),
(9057,'Arcabuco_lvl3',9057,1),
(9058,'Arenal_lvl3',9058,1),
(9059,'Argelia_lvl3',9059,1),
(9060,'Argelia_lvl3',9060,1),
(9061,'Argelia_lvl3',9061,1),
(9062,'Ariguaní El Difícil)_lvl3',9062,1),
(9063,'Arjona_lvl3',9063,1),
(9064,'Armenia_lvl3',9064,1),
(9065,'Armenia_lvl3',9065,1),
(9066,'Armero Guayabal)_lvl3',9066,1),
(9067,'Arroyohondo_lvl3',9067,1),
(9068,'Astrea_lvl3',9068,1),
(9069,'Ataco_lvl3',9069,1),
(9070,'Atrato Yuto)_lvl3',9070,1),
(9071,'Ayapel_lvl3',9071,1),
(9072,'Bagadó_lvl3',9072,1),
(9073,'Bahía Solano Mútis)_lvl3',9073,1),
(9074,'Bajo Baudó Pizarro)_lvl3',9074,1),
(9075,'Balboa_lvl3',9075,1),
(9076,'Balboa_lvl3',9076,1),
(9077,'Baranoa_lvl3',9077,1),
(9078,'Baraya_lvl3',9078,1),
(9079,'Barbacoas_lvl3',9079,1),
(9080,'Barbosa_lvl3',9080,1),
(9081,'Barbosa_lvl3',9081,1),
(9082,'Barichara_lvl3',9082,1),
(9083,'Barranca de Upía_lvl3',9083,1),
(9084,'Barrancabermeja_lvl3',9084,1),
(9085,'Barrancas_lvl3',9085,1),
(9086,'Barranco de Loba_lvl3',9086,1),
(9087,'Barranquilla_lvl3',9087,1),
(9088,'Becerríl_lvl3',9088,1),
(9089,'Belalcázar_lvl3',9089,1),
(9090,'Bello_lvl3',9090,1),
(9091,'Belmira_lvl3',9091,1),
(9092,'Beltrán_lvl3',9092,1),
(9093,'Belén_lvl3',9093,1),
(9094,'Belén_lvl3',9094,1),
(9095,'Belén de Bajirá_lvl3',9095,1),
(9096,'Belén de Umbría_lvl3',9096,1),
(9097,'Belén de los Andaquíes_lvl3',9097,1),
(9098,'Berbeo_lvl3',9098,1),
(9099,'Betania_lvl3',9099,1),
(9100,'Beteitiva_lvl3',9100,1),
(9101,'Betulia_lvl3',9101,1),
(9102,'Betulia_lvl3',9102,1),
(9103,'Bituima_lvl3',9103,1),
(9104,'Boavita_lvl3',9104,1),
(9105,'Bochalema_lvl3',9105,1),
(9106,'Bogotá D.C._lvl3',9106,1),
(9107,'Bojacá_lvl3',9107,1),
(9108,'Bojayá Bellavista)_lvl3',9108,1),
(9109,'Bolívar_lvl3',9109,1),
(9110,'Bolívar_lvl3',9110,1),
(9111,'Bolívar_lvl3',9111,1),
(9112,'Bolívar_lvl3',9112,1),
(9113,'Bosconia_lvl3',9113,1),
(9114,'Boyacá_lvl3',9114,1),
(9115,'Briceño_lvl3',9115,1),
(9116,'Briceño_lvl3',9116,1),
(9117,'Bucaramanga_lvl3',9117,1),
(9118,'Bucarasica_lvl3',9118,1),
(9119,'Buenaventura_lvl3',9119,1),
(9120,'Buenavista_lvl3',9120,1),
(9121,'Buenavista_lvl3',9121,1),
(9122,'Buenavista_lvl3',9122,1),
(9123,'Buenavista_lvl3',9123,1),
(9124,'Buenos Aires_lvl3',9124,1),
(9125,'Buesaco_lvl3',9125,1),
(9126,'Buga_lvl3',9126,1),
(9127,'Bugalagrande_lvl3',9127,1),
(9128,'Burítica_lvl3',9128,1),
(9129,'Busbanza_lvl3',9129,1),
(9130,'Cabrera_lvl3',9130,1),
(9131,'Cabrera_lvl3',9131,1),
(9132,'Cabuyaro_lvl3',9132,1),
(9133,'Cachipay_lvl3',9133,1),
(9134,'Caicedo_lvl3',9134,1),
(9135,'Caicedonia_lvl3',9135,1),
(9136,'Caimito_lvl3',9136,1),
(9137,'Cajamarca_lvl3',9137,1),
(9138,'Cajibío_lvl3',9138,1),
(9139,'Cajicá_lvl3',9139,1),
(9140,'Calamar_lvl3',9140,1),
(9141,'Calamar_lvl3',9141,1),
(9142,'Calarcá_lvl3',9142,1),
(9143,'Caldas_lvl3',9143,1),
(9144,'Caldas_lvl3',9144,1),
(9145,'Caldono_lvl3',9145,1),
(9146,'California_lvl3',9146,1),
(9147,'Calima Darién)_lvl3',9147,1),
(9148,'Caloto_lvl3',9148,1),
(9149,'Campamento_lvl3',9149,1),
(9150,'Campo de la Cruz_lvl3',9150,1),
(9151,'Campoalegre_lvl3',9151,1),
(9152,'Campohermoso_lvl3',9152,1),
(9153,'Canalete_lvl3',9153,1),
(9154,'Candelaria_lvl3',9154,1),
(9155,'Candelaria_lvl3',9155,1),
(9156,'Cantagallo_lvl3',9156,1),
(9157,'Cantón de San Pablo_lvl3',9157,1),
(9158,'Caparrapí_lvl3',9158,1),
(9159,'Capitanejo_lvl3',9159,1),
(9160,'Caracolí_lvl3',9160,1),
(9161,'Caramanta_lvl3',9161,1),
(9162,'Carcasí_lvl3',9162,1),
(9163,'Carepa_lvl3',9163,1),
(9164,'Carmen de Apicalá_lvl3',9164,1),
(9165,'Carmen de Carupa_lvl3',9165,1),
(9166,'Carmen de Viboral_lvl3',9166,1),
(9167,'Carmen del Darién CURBARADÓ)_lvl3',9167,1),
(9168,'Carolina_lvl3',9168,1),
(9169,'Cartagena_lvl3',9169,1),
(9170,'Cartagena del Chairá_lvl3',9170,1),
(9171,'Cartago_lvl3',9171,1),
(9172,'Carurú_lvl3',9172,1),
(9173,'Casabianca_lvl3',9173,1),
(9174,'Castilla la Nueva_lvl3',9174,1),
(9175,'Caucasia_lvl3',9175,1),
(9176,'Cañasgordas_lvl3',9176,1),
(9177,'Cepita_lvl3',9177,1),
(9178,'Cereté_lvl3',9178,1),
(9179,'Cerinza_lvl3',9179,1),
(9180,'Cerrito_lvl3',9180,1),
(9181,'Cerro San Antonio_lvl3',9181,1),
(9182,'Chachaguí_lvl3',9182,1),
(9183,'Chaguaní_lvl3',9183,1),
(9184,'Chalán_lvl3',9184,1),
(9185,'Chaparral_lvl3',9185,1),
(9186,'Charalá_lvl3',9186,1),
(9187,'Charta_lvl3',9187,1),
(9188,'Chigorodó_lvl3',9188,1),
(9189,'Chima_lvl3',9189,1),
(9190,'Chimichagua_lvl3',9190,1),
(9191,'Chimá_lvl3',9191,1),
(9192,'Chinavita_lvl3',9192,1),
(9193,'Chinchiná_lvl3',9193,1),
(9194,'Chinácota_lvl3',9194,1),
(9195,'Chinú_lvl3',9195,1),
(9196,'Chipaque_lvl3',9196,1),
(9197,'Chipatá_lvl3',9197,1),
(9198,'Chiquinquirá_lvl3',9198,1),
(9199,'Chiriguaná_lvl3',9199,1),
(9200,'Chiscas_lvl3',9200,1),
(9201,'Chita_lvl3',9201,1),
(9202,'Chitagá_lvl3',9202,1),
(9203,'Chitaraque_lvl3',9203,1),
(9204,'Chivatá_lvl3',9204,1),
(9205,'Chivolo_lvl3',9205,1),
(9206,'Choachí_lvl3',9206,1),
(9207,'Chocontá_lvl3',9207,1),
(9208,'Chámeza_lvl3',9208,1),
(9209,'Chía_lvl3',9209,1),
(9210,'Chíquiza_lvl3',9210,1),
(9211,'Chívor_lvl3',9211,1),
(9212,'Cicuco_lvl3',9212,1),
(9213,'Cimitarra_lvl3',9213,1),
(9214,'Circasia_lvl3',9214,1),
(9215,'Cisneros_lvl3',9215,1),
(9216,'Ciénaga_lvl3',9216,1),
(9217,'Ciénaga_lvl3',9217,1),
(9218,'Ciénaga de Oro_lvl3',9218,1),
(9219,'Clemencia_lvl3',9219,1),
(9220,'Cocorná_lvl3',9220,1),
(9221,'Coello_lvl3',9221,1),
(9222,'Cogua_lvl3',9222,1),
(9223,'Colombia_lvl3',9223,1),
(9224,'Colosó Ricaurte)_lvl3',9224,1),
(9225,'Colón_lvl3',9225,1),
(9226,'Colón Génova)_lvl3',9226,1),
(9227,'Concepción_lvl3',9227,1),
(9228,'Concepción_lvl3',9228,1),
(9229,'Concordia_lvl3',9229,1),
(9230,'Concordia_lvl3',9230,1),
(9231,'Condoto_lvl3',9231,1),
(9232,'Confines_lvl3',9232,1),
(9233,'Consaca_lvl3',9233,1),
(9234,'Contadero_lvl3',9234,1),
(9235,'Contratación_lvl3',9235,1),
(9236,'Convención_lvl3',9236,1),
(9237,'Copacabana_lvl3',9237,1),
(9238,'Coper_lvl3',9238,1),
(9239,'Cordobá_lvl3',9239,1),
(9240,'Corinto_lvl3',9240,1),
(9241,'Coromoro_lvl3',9241,1),
(9242,'Corozal_lvl3',9242,1),
(9243,'Corrales_lvl3',9243,1),
(9244,'Cota_lvl3',9244,1),
(9245,'Cotorra_lvl3',9245,1),
(9246,'Covarachía_lvl3',9246,1),
(9247,'Coveñas_lvl3',9247,1),
(9248,'Coyaima_lvl3',9248,1),
(9249,'Cravo Norte_lvl3',9249,1),
(9250,'Cuaspud Carlosama)_lvl3',9250,1),
(9251,'Cubarral_lvl3',9251,1),
(9252,'Cubará_lvl3',9252,1),
(9253,'Cucaita_lvl3',9253,1),
(9254,'Cucunubá_lvl3',9254,1),
(9255,'Cucutilla_lvl3',9255,1),
(9256,'Cuitiva_lvl3',9256,1),
(9257,'Cumaral_lvl3',9257,1),
(9258,'Cumaribo_lvl3',9258,1),
(9259,'Cumbal_lvl3',9259,1),
(9260,'Cumbitara_lvl3',9260,1),
(9261,'Cunday_lvl3',9261,1),
(9262,'Curillo_lvl3',9262,1),
(9263,'Curití_lvl3',9263,1),
(9264,'Curumaní_lvl3',9264,1),
(9265,'Cáceres_lvl3',9265,1),
(9266,'Cáchira_lvl3',9266,1),
(9267,'Cácota_lvl3',9267,1),
(9268,'Cáqueza_lvl3',9268,1),
(9269,'Cértegui_lvl3',9269,1),
(9270,'Cómbita_lvl3',9270,1),
(9271,'Córdoba_lvl3',9271,1),
(9272,'Córdoba_lvl3',9272,1),
(9273,'Cúcuta_lvl3',9273,1),
(9274,'Dabeiba_lvl3',9274,1),
(9275,'Dagua_lvl3',9275,1),
(9276,'Dibulla_lvl3',9276,1),
(9277,'Distracción_lvl3',9277,1),
(9278,'Dolores_lvl3',9278,1),
(9279,'Don Matías_lvl3',9279,1),
(9280,'Dos Quebradas_lvl3',9280,1),
(9281,'Duitama_lvl3',9281,1),
(9282,'Durania_lvl3',9282,1),
(9283,'Ebéjico_lvl3',9283,1),
(9284,'El Bagre_lvl3',9284,1),
(9285,'El Banco_lvl3',9285,1),
(9286,'El Cairo_lvl3',9286,1),
(9287,'El Calvario_lvl3',9287,1),
(9288,'El Carmen_lvl3',9288,1),
(9289,'El Carmen_lvl3',9289,1),
(9290,'El Carmen de Atrato_lvl3',9290,1),
(9291,'El Carmen de Bolívar_lvl3',9291,1),
(9292,'El Castillo_lvl3',9292,1),
(9293,'El Cerrito_lvl3',9293,1),
(9294,'El Charco_lvl3',9294,1),
(9295,'El Cocuy_lvl3',9295,1),
(9296,'El Colegio_lvl3',9296,1),
(9297,'El Copey_lvl3',9297,1),
(9298,'El Doncello_lvl3',9298,1),
(9299,'El Dorado_lvl3',9299,1),
(9300,'El Dovio_lvl3',9300,1),
(9301,'El Espino_lvl3',9301,1),
(9302,'El Guacamayo_lvl3',9302,1),
(9303,'El Guamo_lvl3',9303,1),
(9304,'El Molino_lvl3',9304,1),
(9305,'El Paso_lvl3',9305,1),
(9306,'El Paujil_lvl3',9306,1),
(9307,'El Peñol_lvl3',9307,1),
(9308,'El Peñon_lvl3',9308,1),
(9309,'El Peñon_lvl3',9309,1),
(9310,'El Peñón_lvl3',9310,1),
(9311,'El Piñon_lvl3',9311,1),
(9312,'El Playón_lvl3',9312,1),
(9313,'El Retorno_lvl3',9313,1),
(9314,'El Retén_lvl3',9314,1),
(9315,'El Roble_lvl3',9315,1),
(9316,'El Rosal_lvl3',9316,1),
(9317,'El Rosario_lvl3',9317,1),
(9318,'El Tablón de Gómez_lvl3',9318,1),
(9319,'El Tambo_lvl3',9319,1),
(9320,'El Tambo_lvl3',9320,1),
(9321,'El Tarra_lvl3',9321,1),
(9322,'El Zulia_lvl3',9322,1),
(9323,'El Águila_lvl3',9323,1),
(9324,'Elías_lvl3',9324,1),
(9325,'Encino_lvl3',9325,1),
(9326,'Enciso_lvl3',9326,1),
(9327,'Entrerríos_lvl3',9327,1),
(9328,'Envigado_lvl3',9328,1),
(9329,'Espinal_lvl3',9329,1),
(9330,'Facatativá_lvl3',9330,1),
(9331,'Falan_lvl3',9331,1),
(9332,'Filadelfia_lvl3',9332,1),
(9333,'Filandia_lvl3',9333,1),
(9334,'Firavitoba_lvl3',9334,1),
(9335,'Flandes_lvl3',9335,1),
(9336,'Florencia_lvl3',9336,1),
(9337,'Florencia_lvl3',9337,1),
(9338,'Floresta_lvl3',9338,1),
(9339,'Florida_lvl3',9339,1),
(9340,'Floridablanca_lvl3',9340,1),
(9341,'Florián_lvl3',9341,1),
(9342,'Fonseca_lvl3',9342,1),
(9343,'Fortúl_lvl3',9343,1),
(9344,'Fosca_lvl3',9344,1),
(9345,'Francisco Pizarro_lvl3',9345,1),
(9346,'Fredonia_lvl3',9346,1),
(9347,'Fresno_lvl3',9347,1),
(9348,'Frontino_lvl3',9348,1),
(9349,'Fuente de Oro_lvl3',9349,1),
(9350,'Fundación_lvl3',9350,1),
(9351,'Funes_lvl3',9351,1),
(9352,'Funza_lvl3',9352,1),
(9353,'Fusagasugá_lvl3',9353,1),
(9354,'Fómeque_lvl3',9354,1),
(9355,'Fúquene_lvl3',9355,1),
(9356,'Gachalá_lvl3',9356,1),
(9357,'Gachancipá_lvl3',9357,1),
(9358,'Gachantivá_lvl3',9358,1),
(9359,'Gachetá_lvl3',9359,1),
(9360,'Galapa_lvl3',9360,1),
(9361,'Galeras Nueva Granada)_lvl3',9361,1),
(9362,'Galán_lvl3',9362,1),
(9363,'Gama_lvl3',9363,1),
(9364,'Gamarra_lvl3',9364,1),
(9365,'Garagoa_lvl3',9365,1),
(9366,'Garzón_lvl3',9366,1),
(9367,'Gigante_lvl3',9367,1),
(9368,'Ginebra_lvl3',9368,1),
(9369,'Giraldo_lvl3',9369,1),
(9370,'Girardot_lvl3',9370,1),
(9371,'Girardota_lvl3',9371,1),
(9372,'Girón_lvl3',9372,1),
(9373,'Gonzalez_lvl3',9373,1),
(9374,'Gramalote_lvl3',9374,1),
(9375,'Granada_lvl3',9375,1),
(9376,'Granada_lvl3',9376,1),
(9377,'Granada_lvl3',9377,1),
(9378,'Guaca_lvl3',9378,1),
(9379,'Guacamayas_lvl3',9379,1),
(9380,'Guacarí_lvl3',9380,1),
(9381,'Guachavés_lvl3',9381,1),
(9382,'Guachené_lvl3',9382,1),
(9383,'Guachetá_lvl3',9383,1),
(9384,'Guachucal_lvl3',9384,1),
(9385,'Guadalupe_lvl3',9385,1),
(9386,'Guadalupe_lvl3',9386,1),
(9387,'Guadalupe_lvl3',9387,1),
(9388,'Guaduas_lvl3',9388,1),
(9389,'Guaitarilla_lvl3',9389,1),
(9390,'Gualmatán_lvl3',9390,1),
(9391,'Guamal_lvl3',9391,1),
(9392,'Guamal_lvl3',9392,1),
(9393,'Guamo_lvl3',9393,1),
(9394,'Guapota_lvl3',9394,1),
(9395,'Guapí_lvl3',9395,1),
(9396,'Guaranda_lvl3',9396,1),
(9397,'Guarne_lvl3',9397,1),
(9398,'Guasca_lvl3',9398,1),
(9399,'Guatapé_lvl3',9399,1),
(9400,'Guataquí_lvl3',9400,1),
(9401,'Guatavita_lvl3',9401,1),
(9402,'Guateque_lvl3',9402,1),
(9403,'Guavatá_lvl3',9403,1),
(9404,'Guayabal de Siquima_lvl3',9404,1),
(9405,'Guayabetal_lvl3',9405,1),
(9406,'Guayatá_lvl3',9406,1),
(9407,'Guepsa_lvl3',9407,1),
(9408,'Guicán_lvl3',9408,1),
(9409,'Gutiérrez_lvl3',9409,1),
(9410,'Guática_lvl3',9410,1),
(9411,'Gámbita_lvl3',9411,1),
(9412,'Gámeza_lvl3',9412,1),
(9413,'Génova_lvl3',9413,1),
(9414,'Gómez Plata_lvl3',9414,1),
(9415,'Hacarí_lvl3',9415,1),
(9416,'Hatillo de Loba_lvl3',9416,1),
(9417,'Hato_lvl3',9417,1),
(9418,'Hato Corozal_lvl3',9418,1),
(9419,'Hatonuevo_lvl3',9419,1),
(9420,'Heliconia_lvl3',9420,1),
(9421,'Herrán_lvl3',9421,1),
(9422,'Herveo_lvl3',9422,1),
(9423,'Hispania_lvl3',9423,1),
(9424,'Hobo_lvl3',9424,1),
(9425,'Honda_lvl3',9425,1),
(9426,'Ibagué_lvl3',9426,1),
(9427,'Icononzo_lvl3',9427,1),
(9428,'Iles_lvl3',9428,1),
(9429,'Imúes_lvl3',9429,1),
(9430,'Inzá_lvl3',9430,1),
(9431,'Inírida_lvl3',9431,1),
(9432,'Ipiales_lvl3',9432,1),
(9433,'Isnos_lvl3',9433,1),
(9434,'Istmina_lvl3',9434,1),
(9435,'Itagüí_lvl3',9435,1),
(9436,'Ituango_lvl3',9436,1),
(9437,'Izá_lvl3',9437,1),
(9438,'Jambaló_lvl3',9438,1),
(9439,'Jamundí_lvl3',9439,1),
(9440,'Jardín_lvl3',9440,1),
(9441,'Jenesano_lvl3',9441,1),
(9442,'Jericó_lvl3',9442,1),
(9443,'Jericó_lvl3',9443,1),
(9444,'Jerusalén_lvl3',9444,1),
(9445,'Jesús María_lvl3',9445,1),
(9446,'Jordán_lvl3',9446,1),
(9447,'Juan de Acosta_lvl3',9447,1),
(9448,'Junín_lvl3',9448,1),
(9449,'Juradó_lvl3',9449,1),
(9450,'La Apartada y La Frontera_lvl3',9450,1),
(9451,'La Argentina_lvl3',9451,1),
(9452,'La Belleza_lvl3',9452,1),
(9453,'La Calera_lvl3',9453,1),
(9454,'La Capilla_lvl3',9454,1),
(9455,'La Ceja_lvl3',9455,1),
(9456,'La Celia_lvl3',9456,1),
(9457,'La Cruz_lvl3',9457,1),
(9458,'La Cumbre_lvl3',9458,1),
(9459,'La Dorada_lvl3',9459,1),
(9460,'La Esperanza_lvl3',9460,1),
(9461,'La Estrella_lvl3',9461,1),
(9462,'La Florida_lvl3',9462,1),
(9463,'La Gloria_lvl3',9463,1),
(9464,'La Jagua de Ibirico_lvl3',9464,1),
(9465,'La Jagua del Pilar_lvl3',9465,1),
(9466,'La Llanada_lvl3',9466,1),
(9467,'La Macarena_lvl3',9467,1),
(9468,'La Merced_lvl3',9468,1),
(9469,'La Mesa_lvl3',9469,1),
(9470,'La Montañita_lvl3',9470,1),
(9471,'La Palma_lvl3',9471,1),
(9472,'La Paz_lvl3',9472,1),
(9473,'La Paz Robles)_lvl3',9473,1),
(9474,'La Peña_lvl3',9474,1),
(9475,'La Pintada_lvl3',9475,1),
(9476,'La Plata_lvl3',9476,1),
(9477,'La Playa_lvl3',9477,1),
(9478,'La Primavera_lvl3',9478,1),
(9479,'La Salina_lvl3',9479,1),
(9480,'La Sierra_lvl3',9480,1),
(9481,'La Tebaida_lvl3',9481,1),
(9482,'La Tola_lvl3',9482,1),
(9483,'La Unión_lvl3',9483,1),
(9484,'La Unión_lvl3',9484,1),
(9485,'La Unión_lvl3',9485,1),
(9486,'La Unión_lvl3',9486,1),
(9487,'La Uvita_lvl3',9487,1),
(9488,'La Vega_lvl3',9488,1),
(9489,'La Vega_lvl3',9489,1),
(9490,'La Victoria_lvl3',9490,1),
(9491,'La Victoria_lvl3',9491,1),
(9492,'La Victoria_lvl3',9492,1),
(9493,'La Virginia_lvl3',9493,1),
(9494,'Labateca_lvl3',9494,1),
(9495,'Labranzagrande_lvl3',9495,1),
(9496,'Landázuri_lvl3',9496,1),
(9497,'Lebrija_lvl3',9497,1),
(9498,'Leiva_lvl3',9498,1),
(9499,'Lejanías_lvl3',9499,1),
(9500,'Lenguazaque_lvl3',9500,1),
(9501,'Leticia_lvl3',9501,1),
(9502,'Liborina_lvl3',9502,1),
(9503,'Linares_lvl3',9503,1),
(9504,'Lloró_lvl3',9504,1),
(9505,'Lorica_lvl3',9505,1),
(9506,'Los Córdobas_lvl3',9506,1),
(9507,'Los Palmitos_lvl3',9507,1),
(9508,'Los Patios_lvl3',9508,1),
(9509,'Los Santos_lvl3',9509,1),
(9510,'Lourdes_lvl3',9510,1),
(9511,'Luruaco_lvl3',9511,1),
(9512,'Lérida_lvl3',9512,1),
(9513,'Líbano_lvl3',9513,1),
(9514,'López Micay)_lvl3',9514,1),
(9515,'Macanal_lvl3',9515,1),
(9516,'Macaravita_lvl3',9516,1),
(9517,'Maceo_lvl3',9517,1),
(9518,'Machetá_lvl3',9518,1),
(9519,'Madrid_lvl3',9519,1),
(9520,'Magangué_lvl3',9520,1),
(9521,'Magüi Payán)_lvl3',9521,1),
(9522,'Mahates_lvl3',9522,1),
(9523,'Maicao_lvl3',9523,1),
(9524,'Majagual_lvl3',9524,1),
(9525,'Malambo_lvl3',9525,1),
(9526,'Mallama Piedrancha)_lvl3',9526,1),
(9527,'Manatí_lvl3',9527,1),
(9528,'Manaure_lvl3',9528,1),
(9529,'Manaure Balcón del Cesar_lvl3',9529,1),
(9530,'Manizales_lvl3',9530,1),
(9531,'Manta_lvl3',9531,1),
(9532,'Manzanares_lvl3',9532,1),
(9533,'Maní_lvl3',9533,1),
(9534,'Mapiripan_lvl3',9534,1),
(9535,'Margarita_lvl3',9535,1),
(9536,'Marinilla_lvl3',9536,1),
(9537,'Maripí_lvl3',9537,1),
(9538,'Mariquita_lvl3',9538,1),
(9539,'Marmato_lvl3',9539,1),
(9540,'Marquetalia_lvl3',9540,1),
(9541,'Marsella_lvl3',9541,1),
(9542,'Marulanda_lvl3',9542,1),
(9543,'María la Baja_lvl3',9543,1),
(9544,'Matanza_lvl3',9544,1),
(9545,'Medellín_lvl3',9545,1),
(9546,'Medina_lvl3',9546,1),
(9547,'Medio Atrato_lvl3',9547,1),
(9548,'Medio Baudó_lvl3',9548,1),
(9549,'Medio San Juan ANDAGOYA)_lvl3',9549,1),
(9550,'Melgar_lvl3',9550,1),
(9551,'Mercaderes_lvl3',9551,1),
(9552,'Mesetas_lvl3',9552,1),
(9553,'Milán_lvl3',9553,1),
(9554,'Miraflores_lvl3',9554,1),
(9555,'Miraflores_lvl3',9555,1),
(9556,'Miranda_lvl3',9556,1),
(9557,'Mistrató_lvl3',9557,1),
(9558,'Mitú_lvl3',9558,1),
(9559,'Mocoa_lvl3',9559,1),
(9560,'Mogotes_lvl3',9560,1),
(9561,'Molagavita_lvl3',9561,1),
(9562,'Momil_lvl3',9562,1),
(9563,'Mompós_lvl3',9563,1),
(9564,'Mongua_lvl3',9564,1),
(9565,'Monguí_lvl3',9565,1),
(9566,'Moniquirá_lvl3',9566,1),
(9567,'Montebello_lvl3',9567,1),
(9568,'Montecristo_lvl3',9568,1),
(9569,'Montelíbano_lvl3',9569,1),
(9570,'Montenegro_lvl3',9570,1),
(9571,'Monteria_lvl3',9571,1),
(9572,'Monterrey_lvl3',9572,1),
(9573,'Morales_lvl3',9573,1),
(9574,'Morales_lvl3',9574,1),
(9575,'Morelia_lvl3',9575,1),
(9576,'Morroa_lvl3',9576,1),
(9577,'Mosquera_lvl3',9577,1),
(9578,'Mosquera_lvl3',9578,1),
(9579,'Motavita_lvl3',9579,1),
(9580,'Moñitos_lvl3',9580,1),
(9581,'Murillo_lvl3',9581,1),
(9582,'Murindó_lvl3',9582,1),
(9583,'Mutatá_lvl3',9583,1),
(9584,'Mutiscua_lvl3',9584,1),
(9585,'Muzo_lvl3',9585,1),
(9586,'Málaga_lvl3',9586,1),
(9587,'Nariño_lvl3',9587,1),
(9588,'Nariño_lvl3',9588,1),
(9589,'Nariño_lvl3',9589,1),
(9590,'Natagaima_lvl3',9590,1),
(9591,'Nechí_lvl3',9591,1),
(9592,'Necoclí_lvl3',9592,1),
(9593,'Neira_lvl3',9593,1),
(9594,'Neiva_lvl3',9594,1),
(9595,'Nemocón_lvl3',9595,1),
(9596,'Nilo_lvl3',9596,1),
(9597,'Nimaima_lvl3',9597,1),
(9598,'Nobsa_lvl3',9598,1),
(9599,'Nocaima_lvl3',9599,1),
(9600,'Norcasia_lvl3',9600,1),
(9601,'Norosí_lvl3',9601,1),
(9602,'Novita_lvl3',9602,1),
(9603,'Nueva Granada_lvl3',9603,1),
(9604,'Nuevo Colón_lvl3',9604,1),
(9605,'Nunchía_lvl3',9605,1),
(9606,'Nuquí_lvl3',9606,1),
(9607,'Nátaga_lvl3',9607,1),
(9608,'Obando_lvl3',9608,1),
(9609,'Ocamonte_lvl3',9609,1),
(9610,'Ocaña_lvl3',9610,1),
(9611,'Oiba_lvl3',9611,1),
(9612,'Oicatá_lvl3',9612,1),
(9613,'Olaya_lvl3',9613,1),
(9614,'Olaya Herrera_lvl3',9614,1),
(9615,'Onzaga_lvl3',9615,1),
(9616,'Oporapa_lvl3',9616,1),
(9617,'Orito_lvl3',9617,1),
(9618,'Orocué_lvl3',9618,1),
(9619,'Ortega_lvl3',9619,1),
(9620,'Ospina_lvl3',9620,1),
(9621,'Otanche_lvl3',9621,1),
(9622,'Ovejas_lvl3',9622,1),
(9623,'Pachavita_lvl3',9623,1),
(9624,'Pacho_lvl3',9624,1),
(9625,'Padilla_lvl3',9625,1),
(9626,'Paicol_lvl3',9626,1),
(9627,'Pailitas_lvl3',9627,1),
(9628,'Paime_lvl3',9628,1),
(9629,'Paipa_lvl3',9629,1),
(9630,'Pajarito_lvl3',9630,1),
(9631,'Palermo_lvl3',9631,1),
(9632,'Palestina_lvl3',9632,1),
(9633,'Palestina_lvl3',9633,1),
(9634,'Palmar_lvl3',9634,1),
(9635,'Palmar de Varela_lvl3',9635,1),
(9636,'Palmas del Socorro_lvl3',9636,1),
(9637,'Palmira_lvl3',9637,1),
(9638,'Palmito_lvl3',9638,1),
(9639,'Palocabildo_lvl3',9639,1),
(9640,'Pamplona_lvl3',9640,1),
(9641,'Pamplonita_lvl3',9641,1),
(9642,'Pandi_lvl3',9642,1),
(9643,'Panqueba_lvl3',9643,1),
(9644,'Paratebueno_lvl3',9644,1),
(9645,'Pasca_lvl3',9645,1),
(9646,'Patía El Bordo)_lvl3',9646,1),
(9647,'Pauna_lvl3',9647,1),
(9648,'Paya_lvl3',9648,1),
(9649,'Paz de Ariporo_lvl3',9649,1),
(9650,'Paz de Río_lvl3',9650,1),
(9651,'Pedraza_lvl3',9651,1),
(9652,'Pelaya_lvl3',9652,1),
(9653,'Pensilvania_lvl3',9653,1),
(9654,'Peque_lvl3',9654,1),
(9655,'Pereira_lvl3',9655,1),
(9656,'Pesca_lvl3',9656,1),
(9657,'Peñol_lvl3',9657,1),
(9658,'Piamonte_lvl3',9658,1),
(9659,'Pie de Cuesta_lvl3',9659,1),
(9660,'Piedras_lvl3',9660,1),
(9661,'Piendamó_lvl3',9661,1),
(9662,'Pijao_lvl3',9662,1),
(9663,'Pijiño_lvl3',9663,1),
(9664,'Pinchote_lvl3',9664,1),
(9665,'Pinillos_lvl3',9665,1),
(9666,'Piojo_lvl3',9666,1),
(9667,'Pisva_lvl3',9667,1),
(9668,'Pital_lvl3',9668,1),
(9669,'Pitalito_lvl3',9669,1),
(9670,'Pivijay_lvl3',9670,1),
(9671,'Planadas_lvl3',9671,1),
(9672,'Planeta Rica_lvl3',9672,1),
(9673,'Plato_lvl3',9673,1),
(9674,'Policarpa_lvl3',9674,1),
(9675,'Polonuevo_lvl3',9675,1),
(9676,'Ponedera_lvl3',9676,1),
(9677,'Popayán_lvl3',9677,1),
(9678,'Pore_lvl3',9678,1),
(9679,'Potosí_lvl3',9679,1),
(9680,'Pradera_lvl3',9680,1),
(9681,'Prado_lvl3',9681,1),
(9682,'Providencia_lvl3',9682,1),
(9683,'Providencia_lvl3',9683,1),
(9684,'Pueblo Bello_lvl3',9684,1),
(9685,'Pueblo Nuevo_lvl3',9685,1),
(9686,'Pueblo Rico_lvl3',9686,1),
(9687,'Pueblorrico_lvl3',9687,1),
(9688,'Puebloviejo_lvl3',9688,1),
(9689,'Puente Nacional_lvl3',9689,1),
(9690,'Puerres_lvl3',9690,1),
(9691,'Puerto Asís_lvl3',9691,1),
(9692,'Puerto Berrío_lvl3',9692,1),
(9693,'Puerto Boyacá_lvl3',9693,1),
(9694,'Puerto Caicedo_lvl3',9694,1),
(9695,'Puerto Carreño_lvl3',9695,1),
(9696,'Puerto Colombia_lvl3',9696,1),
(9697,'Puerto Concordia_lvl3',9697,1),
(9698,'Puerto Escondido_lvl3',9698,1),
(9699,'Puerto Gaitán_lvl3',9699,1),
(9700,'Puerto Guzmán_lvl3',9700,1),
(9701,'Puerto Leguízamo_lvl3',9701,1),
(9702,'Puerto Libertador_lvl3',9702,1),
(9703,'Puerto Lleras_lvl3',9703,1),
(9704,'Puerto López_lvl3',9704,1),
(9705,'Puerto Nare_lvl3',9705,1),
(9706,'Puerto Nariño_lvl3',9706,1),
(9707,'Puerto Parra_lvl3',9707,1),
(9708,'Puerto Rico_lvl3',9708,1),
(9709,'Puerto Rico_lvl3',9709,1),
(9710,'Puerto Rondón_lvl3',9710,1),
(9711,'Puerto Salgar_lvl3',9711,1),
(9712,'Puerto Santander_lvl3',9712,1),
(9713,'Puerto Tejada_lvl3',9713,1),
(9714,'Puerto Triunfo_lvl3',9714,1),
(9715,'Puerto Wilches_lvl3',9715,1),
(9716,'Pulí_lvl3',9716,1),
(9717,'Pupiales_lvl3',9717,1),
(9718,'Puracé Coconuco)_lvl3',9718,1),
(9719,'Purificación_lvl3',9719,1),
(9720,'Purísima_lvl3',9720,1),
(9721,'Pácora_lvl3',9721,1),
(9722,'Páez_lvl3',9722,1),
(9723,'Páez Belalcazar)_lvl3',9723,1),
(9724,'Páramo_lvl3',9724,1),
(9725,'Quebradanegra_lvl3',9725,1),
(9726,'Quetame_lvl3',9726,1),
(9727,'Quibdó_lvl3',9727,1),
(9728,'Quimbaya_lvl3',9728,1),
(9729,'Quinchía_lvl3',9729,1),
(9730,'Quipama_lvl3',9730,1),
(9731,'Quipile_lvl3',9731,1),
(9732,'Ragonvalia_lvl3',9732,1),
(9733,'Ramiriquí_lvl3',9733,1),
(9734,'Recetor_lvl3',9734,1),
(9735,'Regidor_lvl3',9735,1),
(9736,'Remedios_lvl3',9736,1),
(9737,'Remolino_lvl3',9737,1),
(9738,'Repelón_lvl3',9738,1),
(9739,'Restrepo_lvl3',9739,1),
(9740,'Restrepo_lvl3',9740,1),
(9741,'Retiro_lvl3',9741,1),
(9742,'Ricaurte_lvl3',9742,1),
(9743,'Ricaurte_lvl3',9743,1),
(9744,'Rio Negro_lvl3',9744,1),
(9745,'Rioblanco_lvl3',9745,1),
(9746,'Riofrío_lvl3',9746,1),
(9747,'Riohacha_lvl3',9747,1),
(9748,'Risaralda_lvl3',9748,1),
(9749,'Rivera_lvl3',9749,1),
(9750,'Roberto Payán San José)_lvl3',9750,1),
(9751,'Roldanillo_lvl3',9751,1),
(9752,'Roncesvalles_lvl3',9752,1),
(9753,'Rondón_lvl3',9753,1),
(9754,'Rosas_lvl3',9754,1),
(9755,'Rovira_lvl3',9755,1),
(9756,'Ráquira_lvl3',9756,1),
(9757,'Río Iró_lvl3',9757,1),
(9758,'Río Quito_lvl3',9758,1),
(9759,'Río Sucio_lvl3',9759,1),
(9760,'Río Viejo_lvl3',9760,1),
(9761,'Río de oro_lvl3',9761,1),
(9762,'Ríonegro_lvl3',9762,1),
(9763,'Ríosucio_lvl3',9763,1),
(9764,'Sabana de Torres_lvl3',9764,1),
(9765,'Sabanagrande_lvl3',9765,1),
(9766,'Sabanalarga_lvl3',9766,1),
(9767,'Sabanalarga_lvl3',9767,1),
(9768,'Sabanalarga_lvl3',9768,1),
(9769,'Sabanas de San Angel SAN ANGEL)_lvl3',9769,1),
(9770,'Sabaneta_lvl3',9770,1),
(9771,'Saboyá_lvl3',9771,1),
(9772,'Sahagún_lvl3',9772,1),
(9773,'Saladoblanco_lvl3',9773,1),
(9774,'Salamina_lvl3',9774,1),
(9775,'Salamina_lvl3',9775,1),
(9776,'Salazar_lvl3',9776,1),
(9777,'Saldaña_lvl3',9777,1),
(9778,'Salento_lvl3',9778,1),
(9779,'Salgar_lvl3',9779,1),
(9780,'Samacá_lvl3',9780,1),
(9781,'Samaniego_lvl3',9781,1),
(9782,'Samaná_lvl3',9782,1),
(9783,'Sampués_lvl3',9783,1),
(9784,'San Agustín_lvl3',9784,1),
(9785,'San Alberto_lvl3',9785,1),
(9786,'San Andrés_lvl3',9786,1),
(9787,'San Andrés Sotavento_lvl3',9787,1),
(9788,'San Andrés de Cuerquía_lvl3',9788,1),
(9789,'San Antero_lvl3',9789,1),
(9790,'San Antonio_lvl3',9790,1),
(9791,'San Antonio de Tequendama_lvl3',9791,1),
(9792,'San Benito_lvl3',9792,1),
(9793,'San Benito Abad_lvl3',9793,1),
(9794,'San Bernardo_lvl3',9794,1),
(9795,'San Bernardo_lvl3',9795,1),
(9796,'San Bernardo del Viento_lvl3',9796,1),
(9797,'San Calixto_lvl3',9797,1),
(9798,'San Carlos_lvl3',9798,1),
(9799,'San Carlos_lvl3',9799,1),
(9800,'San Carlos de Guaroa_lvl3',9800,1),
(9801,'San Cayetano_lvl3',9801,1),
(9802,'San Cayetano_lvl3',9802,1),
(9803,'San Cristobal_lvl3',9803,1),
(9804,'San Diego_lvl3',9804,1),
(9805,'San Eduardo_lvl3',9805,1),
(9806,'San Estanislao_lvl3',9806,1),
(9807,'San Fernando_lvl3',9807,1),
(9808,'San Francisco_lvl3',9808,1),
(9809,'San Francisco_lvl3',9809,1),
(9810,'San Francisco_lvl3',9810,1),
(9811,'San Gíl_lvl3',9811,1),
(9812,'San Jacinto_lvl3',9812,1),
(9813,'San Jacinto del Cauca_lvl3',9813,1),
(9814,'San Jerónimo_lvl3',9814,1),
(9815,'San Joaquín_lvl3',9815,1),
(9816,'San José_lvl3',9816,1),
(9817,'San José de Miranda_lvl3',9817,1),
(9818,'San José de Montaña_lvl3',9818,1),
(9819,'San José de Pare_lvl3',9819,1),
(9820,'San José de Uré_lvl3',9820,1),
(9821,'San José del Fragua_lvl3',9821,1),
(9822,'San José del Guaviare_lvl3',9822,1),
(9823,'San José del Palmar_lvl3',9823,1),
(9824,'San Juan de Arama_lvl3',9824,1),
(9825,'San Juan de Betulia_lvl3',9825,1),
(9826,'San Juan de Nepomuceno_lvl3',9826,1),
(9827,'San Juan de Pasto_lvl3',9827,1),
(9828,'San Juan de Río Seco_lvl3',9828,1),
(9829,'San Juan de Urabá_lvl3',9829,1),
(9830,'San Juan del Cesar_lvl3',9830,1),
(9831,'San Juanito_lvl3',9831,1),
(9832,'San Lorenzo_lvl3',9832,1),
(9833,'San Luis_lvl3',9833,1),
(9834,'San Luís_lvl3',9834,1),
(9835,'San Luís de Gaceno_lvl3',9835,1),
(9836,'San Luís de Palenque_lvl3',9836,1),
(9837,'San Marcos_lvl3',9837,1),
(9838,'San Martín_lvl3',9838,1),
(9839,'San Martín_lvl3',9839,1),
(9840,'San Martín de Loba_lvl3',9840,1),
(9841,'San Mateo_lvl3',9841,1),
(9842,'San Miguel_lvl3',9842,1),
(9843,'San Miguel_lvl3',9843,1),
(9844,'San Miguel de Sema_lvl3',9844,1),
(9845,'San Onofre_lvl3',9845,1),
(9846,'San Pablo_lvl3',9846,1),
(9847,'San Pablo_lvl3',9847,1),
(9848,'San Pablo de Borbur_lvl3',9848,1),
(9849,'San Pedro_lvl3',9849,1),
(9850,'San Pedro_lvl3',9850,1),
(9851,'San Pedro_lvl3',9851,1),
(9852,'San Pedro de Cartago_lvl3',9852,1),
(9853,'San Pedro de Urabá_lvl3',9853,1),
(9854,'San Pelayo_lvl3',9854,1),
(9855,'San Rafael_lvl3',9855,1),
(9856,'San Roque_lvl3',9856,1),
(9857,'San Sebastián_lvl3',9857,1),
(9858,'San Sebastián de Buenavista_lvl3',9858,1),
(9859,'San Vicente_lvl3',9859,1),
(9860,'San Vicente del Caguán_lvl3',9860,1),
(9861,'San Vicente del Chucurí_lvl3',9861,1),
(9862,'San Zenón_lvl3',9862,1),
(9863,'Sandoná_lvl3',9863,1),
(9864,'Santa Ana_lvl3',9864,1),
(9865,'Santa Bárbara_lvl3',9865,1),
(9866,'Santa Bárbara_lvl3',9866,1),
(9867,'Santa Bárbara Iscuandé)_lvl3',9867,1),
(9868,'Santa Bárbara de Pinto_lvl3',9868,1),
(9869,'Santa Catalina_lvl3',9869,1),
(9870,'Santa Fé de Antioquia_lvl3',9870,1),
(9871,'Santa Genoveva de Docorodó_lvl3',9871,1),
(9872,'Santa Helena del Opón_lvl3',9872,1),
(9873,'Santa Isabel_lvl3',9873,1),
(9874,'Santa Lucía_lvl3',9874,1),
(9875,'Santa Marta_lvl3',9875,1),
(9876,'Santa María_lvl3',9876,1),
(9877,'Santa María_lvl3',9877,1),
(9878,'Santa Rosa_lvl3',9878,1),
(9879,'Santa Rosa_lvl3',9879,1),
(9880,'Santa Rosa de Cabal_lvl3',9880,1),
(9881,'Santa Rosa de Osos_lvl3',9881,1),
(9882,'Santa Rosa de Viterbo_lvl3',9882,1),
(9883,'Santa Rosa del Sur_lvl3',9883,1),
(9884,'Santa Rosalía_lvl3',9884,1),
(9885,'Santa Sofía_lvl3',9885,1),
(9886,'Santana_lvl3',9886,1),
(9887,'Santander de Quilichao_lvl3',9887,1),
(9888,'Santiago_lvl3',9888,1),
(9889,'Santiago_lvl3',9889,1),
(9890,'Santo Domingo_lvl3',9890,1),
(9891,'Santo Tomás_lvl3',9891,1),
(9892,'Santuario_lvl3',9892,1),
(9893,'Santuario_lvl3',9893,1),
(9894,'Sapuyes_lvl3',9894,1),
(9895,'Saravena_lvl3',9895,1),
(9896,'Sardinata_lvl3',9896,1),
(9897,'Sasaima_lvl3',9897,1),
(9898,'Sativanorte_lvl3',9898,1),
(9899,'Sativasur_lvl3',9899,1),
(9900,'Segovia_lvl3',9900,1),
(9901,'Sesquilé_lvl3',9901,1),
(9902,'Sevilla_lvl3',9902,1),
(9903,'Siachoque_lvl3',9903,1),
(9904,'Sibaté_lvl3',9904,1),
(9905,'Sibundoy_lvl3',9905,1),
(9906,'Silos_lvl3',9906,1),
(9907,'Silvania_lvl3',9907,1),
(9908,'Silvia_lvl3',9908,1),
(9909,'Simacota_lvl3',9909,1),
(9910,'Simijaca_lvl3',9910,1),
(9911,'Simití_lvl3',9911,1),
(9912,'Sincelejo_lvl3',9912,1),
(9913,'Sincé_lvl3',9913,1),
(9914,'Sipí_lvl3',9914,1),
(9915,'Sitionuevo_lvl3',9915,1),
(9916,'Soacha_lvl3',9916,1),
(9917,'Soatá_lvl3',9917,1),
(9918,'Socha_lvl3',9918,1),
(9919,'Socorro_lvl3',9919,1),
(9920,'Socotá_lvl3',9920,1),
(9921,'Sogamoso_lvl3',9921,1),
(9922,'Solano_lvl3',9922,1),
(9923,'Soledad_lvl3',9923,1),
(9924,'Solita_lvl3',9924,1),
(9925,'Somondoco_lvl3',9925,1),
(9926,'Sonsón_lvl3',9926,1),
(9927,'Sopetrán_lvl3',9927,1),
(9928,'Soplaviento_lvl3',9928,1),
(9929,'Sopó_lvl3',9929,1),
(9930,'Sora_lvl3',9930,1),
(9931,'Soracá_lvl3',9931,1),
(9932,'Sotaquirá_lvl3',9932,1),
(9933,'Sotara Paispamba)_lvl3',9933,1),
(9934,'Sotomayor Los Andes)_lvl3',9934,1),
(9935,'Suaita_lvl3',9935,1),
(9936,'Suan_lvl3',9936,1),
(9937,'Suaza_lvl3',9937,1),
(9938,'Subachoque_lvl3',9938,1),
(9939,'Sucre_lvl3',9939,1),
(9940,'Sucre_lvl3',9940,1),
(9941,'Sucre_lvl3',9941,1),
(9942,'Suesca_lvl3',9942,1),
(9943,'Supatá_lvl3',9943,1),
(9944,'Supía_lvl3',9944,1),
(9945,'Suratá_lvl3',9945,1),
(9946,'Susa_lvl3',9946,1),
(9947,'Susacón_lvl3',9947,1),
(9948,'Sutamarchán_lvl3',9948,1),
(9949,'Sutatausa_lvl3',9949,1),
(9950,'Sutatenza_lvl3',9950,1),
(9951,'Suárez_lvl3',9951,1),
(9952,'Suárez_lvl3',9952,1),
(9953,'Sácama_lvl3',9953,1),
(9954,'Sáchica_lvl3',9954,1),
(9955,'Tabio_lvl3',9955,1),
(9956,'Tadó_lvl3',9956,1),
(9957,'Talaigua Nuevo_lvl3',9957,1),
(9958,'Tamalameque_lvl3',9958,1),
(9959,'Tame_lvl3',9959,1),
(9960,'Taminango_lvl3',9960,1),
(9961,'Tangua_lvl3',9961,1),
(9962,'Taraira_lvl3',9962,1),
(9963,'Tarazá_lvl3',9963,1),
(9964,'Tarqui_lvl3',9964,1),
(9965,'Tarso_lvl3',9965,1),
(9966,'Tasco_lvl3',9966,1),
(9967,'Tauramena_lvl3',9967,1),
(9968,'Tausa_lvl3',9968,1),
(9969,'Tello_lvl3',9969,1),
(9970,'Tena_lvl3',9970,1),
(9971,'Tenerife_lvl3',9971,1),
(9972,'Tenjo_lvl3',9972,1),
(9973,'Tenza_lvl3',9973,1),
(9974,'Teorama_lvl3',9974,1),
(9975,'Teruel_lvl3',9975,1),
(9976,'Tesalia_lvl3',9976,1),
(9977,'Tibacuy_lvl3',9977,1),
(9978,'Tibaná_lvl3',9978,1),
(9979,'Tibasosa_lvl3',9979,1),
(9980,'Tibirita_lvl3',9980,1),
(9981,'Tibú_lvl3',9981,1),
(9982,'Tierralta_lvl3',9982,1),
(9983,'Timaná_lvl3',9983,1),
(9984,'Timbiquí_lvl3',9984,1),
(9985,'Timbío_lvl3',9985,1),
(9986,'Tinjacá_lvl3',9986,1),
(9987,'Tipacoque_lvl3',9987,1),
(9988,'Tiquisio Puerto Rico)_lvl3',9988,1),
(9989,'Titiribí_lvl3',9989,1),
(9990,'Toca_lvl3',9990,1),
(9991,'Tocaima_lvl3',9991,1),
(9992,'Tocancipá_lvl3',9992,1),
(9993,'Toguí_lvl3',9993,1),
(9994,'Toledo_lvl3',9994,1),
(9995,'Toledo_lvl3',9995,1),
(9996,'Tolú_lvl3',9996,1),
(9997,'Tolú Viejo_lvl3',9997,1),
(9998,'Tona_lvl3',9998,1),
(9999,'Topagá_lvl3',9999,1),
(10000,'Topaipí_lvl3',10000,1),
(10001,'Toribío_lvl3',10001,1),
(10002,'Toro_lvl3',10002,1),
(10003,'Tota_lvl3',10003,1),
(10004,'Totoró_lvl3',10004,1),
(10005,'Trinidad_lvl3',10005,1),
(10006,'Trujillo_lvl3',10006,1),
(10007,'Tubará_lvl3',10007,1),
(10008,'Tuchín_lvl3',10008,1),
(10009,'Tulúa_lvl3',10009,1),
(10010,'Tumaco_lvl3',10010,1),
(10011,'Tunja_lvl3',10011,1),
(10012,'Tunungua_lvl3',10012,1),
(10013,'Turbaco_lvl3',10013,1),
(10014,'Turbaná_lvl3',10014,1),
(10015,'Turbo_lvl3',10015,1),
(10016,'Turmequé_lvl3',10016,1),
(10017,'Tuta_lvl3',10017,1),
(10018,'Tutasá_lvl3',10018,1),
(10019,'Támara_lvl3',10019,1),
(10020,'Támesis_lvl3',10020,1),
(10021,'Túquerres_lvl3',10021,1),
(10022,'Ubalá_lvl3',10022,1),
(10023,'Ubaque_lvl3',10023,1),
(10024,'Ubaté_lvl3',10024,1),
(10025,'Ulloa_lvl3',10025,1),
(10026,'Une_lvl3',10026,1),
(10027,'Unguía_lvl3',10027,1),
(10028,'Unión Panamericana ÁNIMAS)_lvl3',10028,1),
(10029,'Uramita_lvl3',10029,1),
(10030,'Uribe_lvl3',10030,1),
(10031,'Uribia_lvl3',10031,1),
(10032,'Urrao_lvl3',10032,1),
(10033,'Urumita_lvl3',10033,1),
(10034,'Usiacuri_lvl3',10034,1),
(10035,'Valdivia_lvl3',10035,1),
(10036,'Valencia_lvl3',10036,1),
(10037,'Valle de San José_lvl3',10037,1),
(10038,'Valle de San Juan_lvl3',10038,1),
(10039,'Valle del Guamuez_lvl3',10039,1),
(10040,'Valledupar_lvl3',10040,1),
(10041,'Valparaiso_lvl3',10041,1),
(10042,'Valparaiso_lvl3',10042,1),
(10043,'Vegachí_lvl3',10043,1),
(10044,'Venadillo_lvl3',10044,1),
(10045,'Venecia_lvl3',10045,1),
(10046,'Venecia Ospina Pérez)_lvl3',10046,1),
(10047,'Ventaquemada_lvl3',10047,1),
(10048,'Vergara_lvl3',10048,1),
(10049,'Versalles_lvl3',10049,1),
(10050,'Vetas_lvl3',10050,1),
(10051,'Viani_lvl3',10051,1),
(10052,'Vigía del Fuerte_lvl3',10052,1),
(10053,'Vijes_lvl3',10053,1),
(10054,'Villa Caro_lvl3',10054,1),
(10055,'Villa Rica_lvl3',10055,1),
(10056,'Villa de Leiva_lvl3',10056,1),
(10057,'Villa del Rosario_lvl3',10057,1),
(10058,'Villagarzón_lvl3',10058,1),
(10059,'Villagómez_lvl3',10059,1),
(10060,'Villahermosa_lvl3',10060,1),
(10061,'Villamaría_lvl3',10061,1),
(10062,'Villanueva_lvl3',10062,1),
(10063,'Villanueva_lvl3',10063,1),
(10064,'Villanueva_lvl3',10064,1),
(10065,'Villanueva_lvl3',10065,1),
(10066,'Villapinzón_lvl3',10066,1),
(10067,'Villarrica_lvl3',10067,1),
(10068,'Villavicencio_lvl3',10068,1),
(10069,'Villavieja_lvl3',10069,1),
(10070,'Villeta_lvl3',10070,1),
(10071,'Viotá_lvl3',10071,1),
(10072,'Viracachá_lvl3',10072,1),
(10073,'Vista Hermosa_lvl3',10073,1),
(10074,'Viterbo_lvl3',10074,1),
(10075,'Vélez_lvl3',10075,1),
(10076,'Yacopí_lvl3',10076,1),
(10077,'Yacuanquer_lvl3',10077,1),
(10078,'Yaguará_lvl3',10078,1),
(10079,'Yalí_lvl3',10079,1),
(10080,'Yarumal_lvl3',10080,1),
(10081,'Yolombó_lvl3',10081,1),
(10082,'Yondó Casabe)_lvl3',10082,1),
(10083,'Yopal_lvl3',10083,1),
(10084,'Yotoco_lvl3',10084,1),
(10085,'Yumbo_lvl3',10085,1),
(10086,'Zambrano_lvl3',10086,1),
(10087,'Zapatoca_lvl3',10087,1),
(10088,'Zapayán PUNTA DE PIEDRAS)_lvl3',10088,1),
(10089,'Zaragoza_lvl3',10089,1),
(10090,'Zarzal_lvl3',10090,1),
(10091,'Zetaquirá_lvl3',10091,1),
(10092,'Zipacón_lvl3',10092,1),
(10093,'Zipaquirá_lvl3',10093,1),
(10094,'Zona Bananera PRADO - SEVILLA)_lvl3',10094,1),
(10095,'Ábrego_lvl3',10095,1),
(10096,'Íquira_lvl3',10096,1),
(10097,'Úmbita_lvl3',10097,1),
(10098,'Útica_lvl3',10098,1);









	
----------------------------------------------------------------------------------------------------------------------------------------------------



--Campaigns de prueba

INSERT INTO opcapp_campaign (id, "startDate", "endDate", description, title, "narrativesGoal", "accumulatedNarratives", "isActive") VALUES (3, '2019-11-21', '2019-12-28', 'Paro en Colombia', 'Paz en diferentes ciudades del pais', 3500, 0, TRUE);
INSERT INTO opcapp_campaign (id, "startDate", "endDate", description, title, "narrativesGoal", "accumulatedNarratives", "isActive") VALUES (4, '2019-11-10', '2019-12-25', 'Campañas en las diferentes comunas de Cali', 'Paz en mi linda Cali', 200, 0, FALSE);




